"","species","common_name","category","1950","1951","1952","1953","1954","1955","1956","1957","1958","1959","1960","1961","1962","1963","1964","1965","1966","1967","1968","1969","1970","1971","1972","1973","1974","1975","1976","1977","1978","1979","1980","1981","1982","1983","1984","1985","1986","1987","1988","1989","1990","1991","1992","1993","1994","1995","1996","1997","1998","1999","2000","2001","2002","2003","2004","2005","2006","2007","2008","2009","2010","2011","2012","2013","2014","2015","2016","2017","2018","2019","2020","2021","2022","2023"
"1","Carassius carassius","Crucian carp","Finfish",580,870,870,870,870,870,870,870,870,870,941.92,878.7,898.42,889.14,889.14,872.32,1199.44,1311.96,1382.14,1569.48,1400.7,1292.24,1534.1,1937.2,1769,1890.8,1754.5,1784.66,2169.78,2206.9,2476.02,2959.16,2593.76,2991.06,2723.1,2648.86,2778.78,2560.7,2843.74,2346.68,2317.1,2036.96,2101.34,2044.5,2623.92,2418.02,2053.2,2377.42,2397.72,2290.42,2275.92,1713.32,2463.84,2729.48,2293.9,1471.46,1169.86,1221.48,1041.68,972.9674,1203.9292,1276.1914,1182.1792,1352.6354,1706.8878,1426.0692,1689.221,2428.9588,2297.0726,3153.1294,3394.1194,3519.0514,3495.8166,3493.3226
"2","Chanos chanos","Milkfish","Finfish",35773.8,37655.4,40803,47194.2,48669.6,55668.6,55996.2,59698.2,68478,72169.8,73185,79287,77190,76034.4,81279.6,79236.6,85348.2,83502,96792,94618.8,100391.4,102939,100663.2,101770.2,110251.2,110677.2,110184,114454.8,118272,127091.4,147145.2,193360.2,213411.6,232140.6,212258.4,191374.2,186459,199438.8,207493.8,200097,260473.8,249912,206015.4,215407.2,228562.8,219399.6,222505.8,218599.2,227790,265063.2,280599.6,296964.24,316786.2,331249.8,344265,356896.2,351230.28,400509,405741.384,430644.396,485141.22,534844.218,565955.388,626507.238,624853.782,669056.844,716885.328,700421.964,796280.97,777920.886,770336.742,766996.248,735647.748,713361.624
"3","Clarias gariepinus","African sharptooth catfish","Finfish",0,0,0,0,0,0,0,0,0,0,0,0,0,0,0,0,0,0,0,0,0,0,0,0,0,0,3.6,8.4,13.8,21.6,30.6,33.6,44.4,53.4,82.8,82.8,272.4,268.8,415.8,469.8,873,1361.4,3241.8,2989.2,3553.8,5790.6,3715.2,5982,5101.2,7611.6,10980,12892.8,15141.6,16162.2,25323.6,37491,54593.4,67938.6,124992.6,169689.12,184823.178,180174.78,178928.448,203582.82,210964.266,217842.414,205909.782,205275.312,217693.464,220518.936,224040.348,240131.292,236135.76,253752.63
"4","Crassostrea virginica","Eastern oyster","Bivalve",10710,12814.2,14914.2,14918.4,17022.6,21226.8,21226.8,21231,19135.2,23339.4,25439.4,25443.6,27547.8,33852,33856.2,31756.2,29660.4,33864.6,33868.8,29668.8,43218,42672,42021,41454,40937.4,54545.4,39753,35905.8,33910.8,28618.8,27951,36918,36354.36,35800.8,44137.38,41176.8,38458.56,34946.1,34050.66,33421.5,14503.86,29581.44,35659.68,31873.8,26635.14,32109,24995.88,27361.74,23408.28,24159.24,17918.04,18924.36,22744.68,30162.72,46478.04,26401.62,40629.54,39304.86,39191.88,39092.76,46974.06,30035.04,43283.94,45520.86,41233.5,41270.46,47600.7,47211.36,53551.26,62168.9166,52580.598,55435.6488,54189.093,54080.88
"5","Ctenopharyngodon idella","Grass carp","Finfish",6316.2,10996.8,12750.6,16926,25630.8,29420.4,31697.4,52136.4,51289.2,55251.6,46662.6,33385.8,30273.6,34545.6,38407.2,48828,49789.2,48156.6,46845.6,52704.6,55581.6,59244,60087.6,65056.2,69748.8,73881.6,74020.2,77476.2,78522,85676.4,93369.6,104740.8,122224.2,143721,180855.6,228187.8,279986.4,329710.8,369514.8,578154,632524.8,644478.6,755337.6,900022.2,1092327.6,1270901.4,1477099.8,1518181.2,1619008.2,1742012.4,1785894.6,1813174.2,1882001.4,1964399.4,1949459.4,2037940.794,2060600.034,2184479.7,2278816.284,2470962.054,2527871.652,2649537.834,2754543.87,2860269.006,3023180.04,3188856.48,3268673.964,3311883.306,3422989.878,3437926.668,3474297.372,3590113.296,3697044.894,3731107.842
"6","Cyprinus carpio","Common carp","Finfish",55569.6,54942,56437.2,62932.8,75556.2,81629.4,85528.2,96426,81815.4,95209.2,100915.8,104185.8,97455,103473,112095,118312.2,125456.4,133640.4,134584.2,137505.6,145051.2,151320,172788,183369,191430,211731.6,204417,213456,206243.4,213309,219142.8,249457.8,269550.6,287696.4,364318.8,408791.4,502407.6,628705.8,652650,605754,680606.4,610969.2,682075.2,791453.4,921543,1096422,1224768,1236240,1310898,1408366.2,1446235.2,1649804.4,1688113.2,1773660.6,1535766.6,1599789.69,1617124.896,1689826.008,1784624.724,1863485.022,1979565.576,1998934.182,2092734.564,2187728.946,2291421.258,2396218.626,2404814.712,2317731.264,2488016.322,2598693.42,2504059.566,2515212.078,2431837.416,2454809.952
"7","Dicentrarchus labrax","European seabass","Finfish",0,0,0,0,0,0,0,0,0,0,0,0,0,0,0,0,0,0,0,0,0,0,0,5.1,10.2,15.3,20.4,25.5,35.7,47.94,66.3,84.15,117.3,153,183.6,296.31,483.99,587.01,850.17,1144.95,1999.71,3439.44,5170.89,8573.61,8716.92,11354.13,13423.2,17254.32,22340.04,27487.98,36053.94,30796.35,29647.83,37462.56,37772.64,48472.44,50068.23,53281.74,59030.2968,57391.4373,68507.484,69647.2116,74588.7291,75073.1169,79521.2757,83353.9716,97583.3592,109941.6588,117821.6688,132536.7753,139489.4064,149547.6774,146968.4748,146353.5219
"8","Epinephelus coioides","Orange-spotted grouper","Finfish",0,0,0,0,0,0,0,0,0,0,0,0,0,0,0,0,0,0,0,0,0,0,0,0,0,0,0,0,0,0,0,0,0,0,0,0,0,0,0,0,0,0,0,0,0,0,0,0,0,3.15,3.78,1.89,1.89,47.88,90.72,68.04,57.96,54.81,122.85,116.55,81.1503,94.4748,286.209,280.287,312.543,204.8067,231.3738,184.8924,223.3539,294.8085,326.3967,175.455,178.9137,154.3626
"9","Eriocheir sinensis","Chinese mitten crab","Crustacean",0,0,0,0,0,0,0,0,0,0,0,0,0,0,0,0,0,0,0,0,0,0,0,0,0,0,0,0,0,0,0,0,0,0,0,0,0,0,0,991.5,1449.9,2529.9,2852.7,5292.3,9369,12454.8,18789.3,28136.1,33170.7,45394.5,60751.2,74444.1,88218.3,95386.5,107682.3,113512.8,131884.5,146843.7,155510.1,169478.4,171707.7,184084.62,195211.5,199087.188,216798.822,224205.69,224641.632,225300.921,227084.871,233620.008,232774.893,242487.825,244602.141,266595.579
"10","Eucheuma denticulatum","Spiny eucheuma","Algae",0,0,0,0,0,0,0,0,0,0,0,0,0,0,0,0,0,0,0,0,0,0,0,0,1035,1035,1035,1157.82,1297.545,1454.52,2289.765,1431.405,1875.42,2280.45,2372.565,3047.385,2819.685,3809.145,4422.9,4980.075,8155.455,13855.2,13698.225,12786.39,13672.005,18340.89,21686.7,17550.84,21208.875,20097.63,29440.23,50298.93,65567.94,61385.505,54586.59,60206.64,54448.59,66097.3425,76391.28,77995.944,91610.265,94089.366,101597.325,82709.265,85533.09,96824.595,76410.945,69599.265,60892.91055,59830.3968,52445.589,65951.03835,75357.7359,102003.17955
"11","Gracilaria gracilis","Ogonori","Algae",103.5,103.5,103.5,138,138,138,138,172.5,172.5,172.5,172.5,172.5,172.5,172.5,207,215.625,223.905,239.085,254.61,270.135,286.35,376.74,397.095,437.115,474.375,523.71,577.185,667.23,846.975,984.63,1157.475,1376.55,1745.7,1116.765,3036,2595.78,2805.54,4132.41,8916.18,13417.05,15889.665,23018.055,20295.315,20586.84,26845.83,21811.59,41571.81,41027.055,28477.68,15647.82,19152.33,29525.79,32215.755,173755.8,283295.37,321948.48,363638.1075,439015.605,478358.715,521613.09,571714.68,724847.07,924906.36,1157591.61,1254374.667,1299621.9,1465834.02315,1440095.2947,1196147.5335,1635064.8135,1787243.82705,2047104.9513,2615495.6184,2422440.3666
"12","Hypophthalmichthys molitrix","Silver carp","Finfish",18016.8,31887.6,37002,49462.2,75406.8,86535,91923.6,152971.2,150093,161650.2,135852,95515.2,86663.4,99353.4,110847,142416,145486.8,139218.6,135969.6,152980.2,163122,174031.8,175777.2,186914.4,202090.2,215118,213758.4,224517,224989.2,242053.2,269650.2,304536,362570.4,425719.8,503343.6,652243.2,770446.2,862999.8,952614.6,874016.4,912281.4,883299.6,980929.2,1142332.8,1331482.8,1550232.6,1755294,1817104.2,1804108.2,1799795.4,1820844,2089597.8,2035357.8,2032309.8,2135769.6,2213978.394,2276071.878,2165819.25,2275359.432,2426296.92,2383179.756,2355749.178,2318304.972,2548578.222,2744144.832,2827827.018,2823452.052,2817556.488,2871388.68,2892318.012,2938902.804,2984201.034,3044369.298,3088630.932
"13","Hypophthalmichthys nobilis","Bighead carp","Finfish",9183.6,15352.8,18213.6,23803.8,35213.4,40053.6,42157.2,69452.4,68226,73480.2,61905,44029.8,40206.6,45733.8,50868,65131.8,66636,63810,62535.6,69996,74966.4,79884.6,80437.8,85705.8,92302.2,97896,97563.6,100465.8,101273.4,108558,119133.6,134979,157919.4,185194.8,229660.2,303982.2,373869.6,393320.4,438872.4,396494.4,409696.2,426733.8,480858,553928.4,648153.6,755717.4,852171,869892.6,857508,857166,863352.6,877111.2,907723.2,1007991.6,1101154.8,1157679.6,1249972.2,1311661.8,1405268.4,1466483.52,1508154.882,1547150.166,1598448.318,1683193.23,1783782.552,1865325.522,1907065.242,1897625.862,1893013.542,1895390.538,1912288.56,1940431.434,1992633.36,2049063.846
"14","Kappaphycus alvarezii","Elkhorn sea moss","Algae",0,0,0,0,0,0,0,0,0,0,0,0,0,0,0,345,345,345,345,345,345,1035,1035,1725,5520,4830,4140,7826.325,25878.105,32558.685,40754.85,25479.975,33379.44,40593.045,43618.35,56022.825,51839.355,67809.06,78729.345,82503.99,89440.215,87135.27,107317.425,123527.595,152035.98,193904.835,220415.325,217491.795,222306.615,227160.765,224065.08,248967.18,286991.355,323645.19,398617.899,442812.606,500484.462,514946.3445,576162.144,609183.24975,650032.4745,673666.75125,675903.4725,593868.924,588913.137,601884.6885,525279.9018,532147.77885,550264.9329,560818.84515,552317.70015,515836.04775,627865.20675,612181.3653
"15","Labeo catla","Catla","Finfish",2321.4,2574.6,2856,3167.4,3513.6,3897,4322.4,4794,5317.2,5898,6541.8,7255.8,8047.8,8927.4,9902.4,10983.6,12183.6,13515,14991,16629.6,18445.8,20462.4,22698,25179,27931.2,30984.6,34371.6,38129.4,42297.6,46921.8,52050.6,57741.6,64053,71054.4,77587.8,85500,93375,109050,124725,140400,141151.8,174742.8,180688.8,204885,211890.6,268700.4,321344.4,354926.4,333159,364777.8,361392,290814.6,338934.6,351052.2,712283.4,790483.2,836704.2,1280357.4,1184898.6,1223472.42,1515852,1193027.4,1356343.08,1365074.28,1360932.216,1388066.484,1505795.238,1625095.506,1873073.286,1972304.604,2124192.6,2270923.872,2487044.466,2687383.644
"16","Labeo rohita","Roho labeo","Finfish",2269.2,2519.4,2797.8,3105.6,3450.6,3834,4260,4741.2,5269.8,5861.4,6511.2,7245,8047.8,8948.4,9950.4,11076.6,12318.6,13708.8,15229.8,16939.8,18832.8,20937.6,23278.8,25861.8,28725.6,31922.4,35438.4,39468,43836.6,48741,54080.4,60087.6,66720,74074.8,81447.6,90204,98506.2,114046.2,130315.8,146321.4,146806.8,179458.8,198151.2,238911.6,253764,325418.4,386695.8,421402.8,396157.8,431209.8,440321.4,360739.8,401392.2,477987,829270.8,861516.6,981523.8,604305,714645,757387.32,679939.8,904651.926,939620.664,1007981.442,1001385.3,1071193.254,1105803.252,1178461.908,1216556.46,1196297.688,1490778.648,1546719.474,1661219.4,1872400.974
"17","Larimichthys crocea","Large yellow croaker","Finfish",0,0,0,0,0,0,0,0,0,0,0,0,0,0,0,0,0,0,0,0,0,0,0,0,0,0,0,0,0,0,0,0,0,0,0,0,0,0,0,0,0,0,0,0,0,0,0,0,0,0,0,0,0,27742.5,31822.74,32894.64,33753.78,33395.76,35627.58,35239.86,44967.96,41286.78,49219.92,54387.18,66017.16,76869.54,86145.66,95925.6,106909.2,121796.46,137193.48,137280.96,139148.82,151738.38
"18","Lateolabrax japonicus","Japanese seabass","Finfish",0,0,0,0,0,0,0,0,0,0,0,0,0,0,0,0,0,0,0,0,0,0,0,0,0,0,0,0,0,0,0,0,0,0,0,0,0,0,0,0,0,0,0,0,0,0,167.58,0,0,502.11,381.15,549.99,1263.78,44960.58,45607.59,50128.47,57786.75,64849.05,61585.02,65009.07,66007.62,74997.09,76926.78,78019.2,77999.1219,81726.12,92838.0537,104794.452,109330.6851,115931.0376,125600.7564,128229.8472,139938.4854,157603.1499
"19","Lates calcarifer","Barramundi or Giant seaperch","Finfish",0,0,0,0,0,0,0,0,0,0,0,0,0,2.9,5.8,8.7,70.76,73.08,75.98,83.52,83.52,33.64,41.76,69.6,162.4,156.6,403.68,508.08,480.82,665.84,731.38,813.74,918.14,1583.4,954.68,1142.6,1606.02,2255.62,2284.62,4971.18,6490.78,8787.58,8197.14,11586.66,10768.28,10943.44,11004.92,9631.48,12141.14,13386.4,12171.88,15512.1,14612.52,16644.84,16755.04,18205.04,18863.92,20129.48,25156.224,28346.311,38683.0826,39763.3326,45262.1792,43936.2992,42796.0018,46363.2048,36986.9654,49336.4704,62963.1528,59424.277,70766.3568,84098.2484,94090.906,103726.1966
"20","Macrobrachium nipponense","Oriental river prawn","Crustacean",0,0,0,0,0,0,0,0,0,0,0,0,0,0,0,0,0,0,0,0,0,0,0,0,0,0,0,0,0,0,0,0,0,0,0,0,0,0,0,0,0,0,0,0,0,0,0,0,0,0,45312.28,45089.2,44977.92,87948.12,95659.72,92202.24,100469.72,100046.44,106605.2,107120.52,113190.48,113155.64,112444.28,118725.88,121533.88,125096.92,123974.76,125184.28,121866.16,117166.92,118957.8,116694.76,117682.24,117723.84
"21","Macrobrachium rosenbergii","Giant river prawn","Crustacean",0,0,0,0,0,0,0,0,0,0,0,0,0,0,0,0,0,0,0,0,5.2,5.2,38.48,82.68,133.12,209.04,301.6,452.4,680.68,968.24,1487.72,2019.68,3097.12,3897.4,5854.16,5246.8,7218.64,12510.16,13393.12,13771.16,16037.84,19528.08,17175.6,15165.28,16747.64,18634.2,32221.28,34646.04,42670.16,52784.68,67958.28,89240.84,87482.72,87109.88,99582.34,101846.2432,103680.2104,117944.5332,113950.8448,115262.7112,100421.8748,101574.3404,103987.0364,100021.4176,105371.474,105318.2052,127383.2664,127492.2584,134126.5068,143317.2624,147675.45,163368.9512,175480.9524,185105.9184
"22","Magallana gigas","Pacific cupped oyster","Bivalve",62648.46,76700.4,84728.7,106694.28,90512.94,99262.38,104034.84,115918.74,113258.46,114459.24,126432.6,118061.16,134852.34,166577.04,154972.44,147608.58,150870.72,155892.66,165228.42,150414.18,131546.52,128051.7,164074.26,174820.38,156262.68,196643.58,212921.94,214134.06,213475.5,212841.72,246661.38,240211.02,242389.56,258191.64,267912.12,291555.18,300089.16,314509.86,321580.56,294136.92,288327.9,276634.68,288558.48,303469.32,261408.84,271199.04,269314.92,270931.5,252942.06,259063.77,260254.26,259793.73,256407.522,282922.5,287802.774,289731.33,294203.28,307329.12,269663.5284,269800.5618,270702.201,259365.939,256790.2722,235029.6522,263194.6338,243171.5328,244095.5328,274598.436,271959.0888,272294.127,255428.5944,263811.1392,270914.91,222872.1894
"23","Megalobrama amblycephala","Wuchang bream","Finfish",1978.8,3515.4,4079.4,5459.4,8337.6,9570.6,10165.8,16941.6,16613.4,17886.6,14987.4,10473.6,9445.2,10800,12005.4,15431.4,15741.6,15003,14571.6,16400.4,17458.2,18596.4,18631.2,19759.8,21313.2,22577.4,22217.4,23045.4,22864.2,24420,27060,30420,36240,42840,54360,71400,88560,104520,116940,86615.4,96969.6,91985.4,108909.6,131352.6,168975,201560.4,227488.8,243039,241833,251225.4,267549,281520.6,292746,272085.6,267742.8,286329.6,317500.2,345804.6,359773.8,369376.8,377505,384402,385694.4,398710.2,426190.8,433924.8,515012.4,500035.8,470120.4,457714.8,469042.2,458581.8,460405.8,443236.2
"24","Micropterus salmoides","Largemouth black bass","Finfish",0,0,0,0,0,0,0,0,0,0,0,0,0,0,0,0,0,0,0,0,0,0,0,0,0,0,60,60,60,0,49.2,31.8,43.2,59.4,52.8,39.6,40.2,51,34.2,50.4,22.8,21,5.4,4.2,314.4,220.8,141,173.4,166.2,125.4,106.8,97.8,223.2,65638.8,71068.2,84174.6,86751.6,94860,100298.7,103301.46,107690.442,118191.174,132945.384,185424.432,192214.524,192891.276,209559.072,275099.538,260516.046,287927.466,372539.97,422102.226,482245.59,534860.418
"25","Mizuhopecten yessoensis","Yesso scallop or giant Ezo scallop","Bivalve",0,0,0,0,0,0,0,0,0,0,0,0,0,0,0,0,0,0,0,0,2383.08,4351.62,9680.58,16504.74,26313.42,29531.46,27261.78,34935.6,28443.66,18317.88,16967.58,24819.9,32283.72,35746.62,31074.96,45590.58,58764.3,64036.98,76437.06,75750.78,80709.72,79374.54,87444,101464.02,84171.78,95757.9,111586.02,107247.42,95275.32,90885.9,89575.5,99053.22,114255.96,108652.32,90638.94,85686.3,89403.3,104118.42,95009.46,108396.12,92801.52,50296.26,77914.2,71353.38,79041.48,105846.72,93055.62,60625.32,77090.58,67821.18,71950.62,78823.8486,84023.9442,79852.353
"26","Mugil cephalus","Flathead grey mullet","Finfish",624,709.2,818.4,966.6,1050,877.8,787.8,898.8,1107.6,1062.6,1337.4,1548,1508.4,1553.4,1993.2,1450.8,1384.2,1738.2,1741.8,2028,2307,2142.6,2256,2028.6,1969.8,2115,2183.4,2267.4,2777.4,2809.8,2820.6,2883.6,3158.4,3058.8,3168.6,3141.6,3016.2,3309.6,3274.8,3014.4,3201,3151.2,3099.6,3941.4,4258.2,5406,5406.6,5751,5152.8,4993.8,4562.4,4566,3587.4,4635.6,3456,3577.8,4087.2,4102.8,3263.46,3822.96,4359.732,4047.186,3655.908,4252.17,4692.906,4168.026,3800.172,4059.12,3850.14,3638.496,3527.856,7068.096,3583.434,3031.56
"27","Mylopharyngodon piceus","Black carp","Finfish",1012.86,1799.28,2088.45,2794.8,4268.19,4899.06,5204.04,8672.55,8504.25,9156.54,7671.93,5361.63,4834.8,5508,6145.5,7899.39,8058.51,7680.09,7459.26,8395.62,8936.73,9519.66,9537.51,10115.34,10910.43,11557.11,11373.51,11796.81,11704.5,12444,13821,15657,18462,21930,18462,24276,31161,53346,59721,19912.44,19304.52,18405.9,26666.37,33959.88,53553.57,53117.52,61377.48,65894.55,70342.77,78303.87,75983.37,84398.37,99462.24,119134.47,130586.01,143178.93,156575.61,169263.39,183769.32,194665.9545,208847.0604,225588.0654,229960.02,243712.7412,257914.8642,275991.8448,346808.6751,349216.3698,352683.207,347030.0508,354725.9712,365958.5376,381951.1584,408287.2881
"28","Mytilus chilensis","Chilean mussel","Bivalve",4.2,4.2,4.2,4.2,4.2,4.2,8.4,8.4,8.4,8.4,12.6,12.6,12.6,16.8,21,21,25.2,29.4,37.8,42,48.72,56.7,65.94,76.86,89.46,84,120.96,84,84,105,126,244.44,583.38,129.78,409.5,412.86,674.52,592.2,935.34,965.58,883.26,1185.24,1407.84,1218,1584.24,2349.9,2546.88,3626.7,5002.62,6805.26,9860.34,14552.16,17554.74,24279.78,32533.62,36849.12,53319.84,64441.86,78566.88,70119.84,93039.24,121204.86,102537.54,101573.22,99996.96,87656.94,126272.16,142315.32,153549.9672,159220.74,167620.74,178203.48,179375.28,163376.64
"29","Mytilus edulis","Blue mussel","Bivalve",20568.66,25017.3,26658.66,29433.18,31158.54,28980,26421.36,33272.82,38738.28,41642.58,46176.9,49468.86,52458.84,51801.12,61476.66,62881.56,56275.38,53387.46,68350.38,63160.44,55703.34,57876,69321,64386,61667.34,76576.08,57700.02,72140.04,76109.88,67593.96,67324.74,84364.56,93249.24,90636.42,78778.98,84419.16,78139.74,84322.56,72589.86,75920.04,80792.88,63469.14,73087.98,71440.74,77991.06,73508.4,92182.86,89038.74,100899.96,99205.47,89642.91,79186.38,78390.606,91364.7,97689.9,94741.5,76044.99,85971.06,79991.73,83821.08,83965.14,80108.9562,77342.118,72855.5394,71118.9276,66287.6046,60928.8498,55584.5262,54591.0834,60053.9058,54271.2786,60096.2922,59086.125,55411.1502
"30","Mytilus galloprovincialis","Mediterranean mussel","Bivalve",924,1008,378,378,420,546,512.4,739.2,407.4,1608.6,2032.8,2671.2,2759.4,3729.6,3654,4078.2,2070.6,5691,3053.4,3439.8,6700.68,11802,10450.02,10845.66,12779.76,15485.82,17786.16,18495.12,19368.3,20766.48,22195.32,23623.74,24348.66,26028.66,27779.22,30615.9,31666.32,31671.78,40123.02,42461.16,45950.94,48853.98,44804.76,48140.82,44744.7,47753.58,45052.56,46102.56,50925.84,53928.84,53766.3,59553.9,54707.94,61936.56,37711.8,45872.4,47969.88,43925.7,45548.7396,50407.6272,43345.2726,47587.4406,42470.0556,43515.5406,41668.2588,41848.884,43099.1568,41231.1774,40938.2442,40292.8932,35918.1144,38595.123,37159.5672,36990.6852
"31","Oncorhynchus kisutch","Coho salmon","Finfish",0,0,0,0,0,0,0,0,0,0,0,0,3.15,8.19,12.6,39.69,66.78,91.98,115.92,137.97,157.5,182.7,201.6,220.5,239.4,264.6,292.95,302.4,358.47,611.73,1612.8,1099.98,1840.23,2210.67,4039.56,5897.43,6562.08,10430.28,16261.56,19083.96,24673.32,27962.55,30563.19,30967.02,36981,36766.8,48004.11,53466.21,55630.26,56369.25,68434.38,95121.18,71092.35,64515.15,62963.46,72590.49,82068.21,74997.72,66229.38,108819.9,86631.3,100608.669,108160.7688,98778.96,108203.319,88802.595,78238.44,113328.3627,104941.4751,139453.5996,139919.2452,145959.6348,165138.12,188012.16
"32","Oncorhynchus mykiss","Rainbow trout","Finfish",2640,2908.8,3247.8,3604.2,4153.2,5452.2,6660.6,6813.6,7820.4,9583.2,10623.6,12388.2,13625.4,15431.4,18792.6,23802.6,26227.8,29580.6,35366.4,36173.4,38850.6,44131.8,49239,52423.2,57897,61577.4,62727,66001.2,71385,75033,87086.4,95171.4,103377.6,109046.4,112073.4,118395,124091.4,136720.8,150263.4,155650.8,166798.2,172498.2,183547.8,191937.6,206300.4,227717.4,243234,274841.4,285135.6,275088.6,297897,332809.2,329934,334461,340031.4,337608.6,366250.392,401537.76,406623.246,453077.52,453512.028,477839.436,532212.492,493038.348,481680.036,455035.35,503002.128,503866.344,517702.2,541350.84,600736.524,606250.194,650565.276,663147.294
"33","Oreochromis niloticus","Nile tilapia","Finfish",858.6,1144.8,1419.66,1788.48,2429.46,2775.6,2905.74,4261.14,4338.9,4659.12,4177.44,3521.34,3402,3882.06,4416.66,4951.26,5106.78,5107.32,5321.7,5971.86,6511.32,7345.08,8058.42,9064.44,9947.88,10932.84,13467.6,15365.16,17750.34,19062,22332.78,24717.42,27602.64,32634.36,35996.4,48594.06,60290.46,67183.02,71378.28,109726.92,126253.08,139275.18,178870.14,206476.02,231912.18,289536.66,348128.28,392407.2,403941.6,460256.58,541678.86,577518.66,633466.44,721961.1,824840.496,932442.3,942424.1946,1057272.048,1180199.97,1280426.886,1442373.1506,1586242.3536,1815339.7782,1900040.6736,2049200.5536,2207524.3902,2272448.3688,2423185.6968,2465627.3748,2581013.4354,2482733.9322,2614253.2002,2708000.694,2805794.3754
"34","Pangasianodon hypophthalmus","Striped catfish","Finfish",1695,1768.2,1843.8,1923.6,2005.8,2092.2,2182.2,2275.8,2374.2,2476.2,2582.4,2693.4,2809.2,2930.4,3056.4,3187.8,3324.6,3467.4,3616.8,3772.2,3960,4080,4260,4440,6063,3993,4983.6,4327.8,6486.6,4546.2,5925,8607.6,6866.4,5954.4,4904.4,8271.6,7544.4,7093.2,12211.8,8123.4,8004,8710.8,8509.8,7194,7913.4,7200,6180,28116,42720,59015.4,67935.6,77182.8,92122.2,114471,175833.6,246708,332286,529289.4,1010703.6,932640,1049616.228,1076156.85,1191235.8,1180259.322,1222102.74,1249902.492,1315094.394,1377653.118,1416437.682,1612774.842,1548290.082,1542139.59,1710226.86,1770840.204
"35","Penaeus monodon","Giant tiger prawn","Crustacean",0,0,0,0,0,0,36.92,36.4,37.96,40.04,36.92,39.52,31.2,31.72,48.36,77.48,126.88,208.52,389.48,972.4,1103.44,1261,1480.96,1736.8,2273.44,3736.2,5163.6,5557.24,6894.16,9563.84,8605.48,11021.4,14436.76,21602.36,33109.44,39412.88,58829.68,92085.76,103927.2,133929.12,150695.48,194698.92,228450.56,257349.56,290868.76,294554.52,279183.32,249385.24,261614.6,284762.92,328111.68,349966.24,328364.92,376418.12,367859.44,346059.48,333917.48,308697.48,374589.8,399590.9996,292704.1,358025.5276,348049.052,368634.6404,364916.5884,382305.6744,367046.8204,378691.1856,390780.806,373856.4856,372964.8676,386217.1404,396749.366,419113.4636
"36","Penaeus vannamei","Whiteleg shrimp","Crustacean",0,0,0,0,0,0,0,0,0,0,0,0,0,0,0,0,0,0,0,5.2,26,26,104,264.16,530.92,805.48,1085.24,1737.84,1941.16,2121.6,4346.68,5803.2,10789.48,17577.04,17598.88,16095.56,23331.88,37145.16,41608.84,42226.6,47682.96,64345.32,72827.04,60848.32,67632.24,77379.64,78101.92,94415.36,104434.72,101624.64,80867.8,145754.96,253718.4,522565.68,690393.08,872772.68,1123724.16,1223167.556,1198370.368,1263259.9408,1377241.1588,1571389.508,1635350.288,1623362.4316,1869775.9964,1977854.58,2141702.394,2460959.6596,2609047.506,2834115.2112,3031200.5724,3297104.6368,3556460.5596,3825630.6452
"37","Perna canaliculus","New Zealand green-lipped mussel","Bivalve",252,336,378,378,504,504,882,798,1092,1008,1092,336,1008,714,714,924,882,672,672,420,420,504,1050,1008,897.96,671.16,944.58,273.84,296.1,473.76,659.4,566.16,2037,3171,4116,4561.2,6567.12,7426.86,10331.16,10086.3,10080,18312,19530,19740,18904.2,26257.98,27300,27510,31500,29820,31920,26880,32760,32760,35700,39900,40740,41790,42042,37737,39970.56,42550.62,36307.74,35095.62,40923.96,32260.62,39495.54,41880.72,36193.92,41347.74,42695.94,41166.72,37465.26,39046.14
"38","Porphyra haitanensis","Nori (haitanensis)","Algae",0,0,0,0,0,0,0,0,0,0,0,0,0,0,0,0,0,0,0,0,0,6037.5,6054.75,7020.75,6525.675,7703.85,9306.375,15854.475,14536.575,11436.75,12440.7,12125.025,11755.875,17227.575,17370.75,15864.825,14633.175,16071.825,15906.225,15964.875,9132.15,20092.8,27425.775,33332.175,50025,52810.875,52384.8,51772.425,56948.6325,63166.74,73297.4925,88487.325,101386.875,109867.665,122278.8675,121283.5425,141812.25,155969.325,140528.85,183254.1675,179516.7825,168938.565,185679.8625,188050.7025,188225.9625,191458.2675,226466.625,298951.125,348068.775,366224.4,382981.05,343554.45,375460.05,362144.775
"39","Porphyra yezoensis","Nori (yezoensis)","Algae",0,0,0,0,0,0,0,0,0,0,0,0,0,0,0,0,0,0,0,0,0,6037.5,6054.75,7020.75,6525.675,7703.85,9306.375,15854.475,14536.575,11436.75,12440.7,12125.025,11755.875,17227.575,17370.75,15864.825,14633.175,16071.825,15906.225,15964.875,9132.15,20092.8,27425.775,33332.175,50025,52810.875,52384.8,51772.425,56948.6325,63166.74,73297.4925,88487.325,101386.875,109867.665,122278.8675,121283.5425,141812.25,155969.325,140528.85,183254.1675,179516.7825,168938.565,185679.8625,188050.7025,188225.9625,191458.2675,226466.625,298951.125,348068.775,366224.4,382981.05,343554.45,375460.05,362144.775
"40","Procambarus clarkii","Red swamp crayfish","Crustacean",0.9,1.2,3,3,3,3,6,6,9,12,15,21,27,36,48,63,81,108,141,186,240,330,420,555,735,975,1350,2041.8,1767.3,2910,3254.7,5040,7500,9000,8100,8863.5,13295.4,13884.6,9786,9807,10411.5,8968.2,8637.3,7787.1,6747.9,7981.5,6414.3,6777.9,5164.8,5837.7,2313.9,4154.1,8347.5,23420.7,25908.6,33401.1,46013.1,95241.3,125371.2,155492.1,178899.96,153926.1,164622.9,179149.8,197782.881,216025.8,268412.7,358003.2,513403.2,649584,739799.349,812181.285,889307.985,961053.966
"41","Pyropia tenera","Nori (tenera)","Algae",7245,8453.19,14493.45,13033.755,14854.665,19452.48,22768.965,34844.31,21990.3,26622.615,35420.115,51884.895,55408.38,52806.045,41730.51,50718.795,46453.215,57174.09,54861.555,51930.435,92199.87,96512.715,83127.06,119429.685,135845.13,111619.23,116976.045,118444.71,133973.505,131401.53,147448.86,150500.04,124158.945,161018.055,190812.255,166175.805,195468.375,146476.305,199619.07,195072.66,173502.225,195004.005,195399.72,213290.385,264887.205,211475.34,190753.26,186645.345,205481.31,215127.855,182569.86,186661.215,222887.25,186621.195,202684.05,201545.55,201908.49,209325.645,194160.135,191152.08,195005.73,210377.7225,238886.625,249703.41,233217.24,237516.63,246131.625,286766.07,294799.395,297129.5526,285845.4996,271746.0258,271070.502,254386.1709
"42","Ruditapes philippinarum","Japanese carpet shell","Bivalve",0,0,0,0,0,0,0,0,0,0,0,0,0,0,3360.84,2102.1,3475.5,3485.58,5416.32,6067.32,2663.64,3876.6,4286.52,5413.8,7124.88,8460.48,10829.28,15417.78,14596.68,17483.34,19766.88,21110.88,21906.78,24620.82,28526.4,36284.22,54467.7,72489.06,80479.14,109294.08,132354.18,169672.02,277366.32,399868.98,491140.02,482696.76,485917.74,519382.08,563979.78,702659.58,631802.22,776091.12,871353.42,960870.54,1054698.12,1088118.78,1178957.64,1279194.84,1306217.5896,1349261.2644,1470077.07,1473105.0474,1519850.514,1563229.1136,1612204.4484,1629724.5006,1753515.8214,1775568.4338,1738054.0464,1686920.9868,1791448.4532,1823665.011,1858999.7244,370848.975
"43","Saccharina japonica","Japanese kelp","Algae",1841.61,1295.82,1160.235,1396.905,1873.005,2739.3,3020.475,7247.07,18877.365,69723.12,118481.97,118744.515,119389.32,142891.755,190132.95,190860.21,238457.79,239500.035,240741.69,288980.28,258102.78,325898.04,387487.44,334178.73,365688.615,408463.095,396688.245,571415.22,648180.825,634314.24,681042.765,622315.485,641770.38,698582.22,781477.095,821562.645,737893.59,753109.47,846379.185,1012882.74,850042.05,1125589.755,1506199.62,1765881.465,1739040.81,1739896.065,1987454.955,1881123.195,1823049.345,2010741.075,1856828.64,1816029.285,1899626.235,1851288.975,1812136.65,1966188.465,2014325.625,2062372.05,2128392.975,2181542.295,2251332.345,2266053.495,2459471.88,2566042.725,3345978.36,3558227.19,3678594.6264,3855194.979,3966979.74,4234440.645,4302159.4806,4517920.4175,3747156.1452,4572481.3671
"44","Salmo salar","Atlantic salmon","Finfish",0,0,0,0,0,0,0,0,0,0,0,0,0,0,0.6,1.2,2.4,4.8,9,16.2,176.4,188.4,215.4,343.2,584.4,754.8,990.6,1366.2,2373.6,2976.6,3172.8,6064.8,7959,12382.8,16191,23278.2,35387.4,40287.6,66358.8,100837.8,135385.2,159769.8,148516.8,183366,224958.6,279147,331143.6,387909.6,412936.2,483369.6,537484.8,618003,651680.4,688609.2,757155.6,760378.2,791232,827324.4,870760.14,870980.958,862231.194,1041233.124,1244638.86,1256224.746,1408438.776,1428515.49,1274055.81,1342923.168,1382079.144,1505525.628,1560631.026,1668443.832,1664763.804,1628789.784
"45","Sargassum fusiforme","Fusiform sargassum","Algae",0,0,0,1.725,2.415,2.76,3.45,4.485,5.52,7.245,8.97,11.04,13.8,17.595,21.735,22.08,25.53,25.53,26.91,33.465,42.09,52.785,65.895,82.8,103.5,129.72,161.46,200.445,254.61,319.125,422.625,516.465,494.73,908.385,1492.125,2931.465,4584.705,3992.34,8235.495,6957.96,8252.4,3935.76,6266.235,9529.245,10925.805,12999.255,7953.63,11893.875,8700.9,7914.3,4171.395,2371.185,3800.52,37810.965,47619.66,39892.695,46697.475,54223.305,36287.445,33846.225,33476.385,45532.755,42073.44,54632.82,63558.315,72216.78,74662.14,87834.93,92687.7,104809.965,101052.225,112951.8615,120225.9933,148667.48625
"46","Sciaenops ocellatus","Red drum","Finfish",0,0,0,0,0,0,0,0,0,0,0,0,0,0,0,0,0,0,0,0,0,0,0,0,0,0,0,0,0,0,0,0,0,0,0,0,0,0.51,0,3.06,2.55,5.1,7.65,5.1,6.12,3.57,5.1,59.16,75.48,1276.53,1078.65,1138.32,1118.94,20427.03,20730.99,21625.377,24972.048,26427.894,27099.615,25961.091,27012.864,32774.64,33301.98,30350.2122,35547,36379.1007,35839.536,36285.9033,37575.1884,39312.6258,43034.6058,35601.2742,34752.2058,35248.2522
"47","Scylla paramamosain","Green mud crab","Crustacean",0,0,0,0,0,0,0,0,0,0,0,0,0,0,0,0,0,0,0,0,0,0,0,0,0,0,0,0,0,0,0,0,0,0,0,0,0,0,0,0,0,0,0,0,0,0,0,0,0,0,0,0,0,26491.8,28480.5,29238.9,27930.9,30458.7,34155.6,34362.9,33722.4,34731.6,37079.7,39644.7,40352.1,40528.2,43856.7,45592.8,47313.6,48184.8,47829.9,45619.5,46398.3,47103.6
"48","Scylla serrata","Indo-Pacific swamp crab","Crustacean",87,93,93,132,102,132,132,132,135,165,165,164.4,168,180.3,177,170.1,198,198.6,192.3,198,90.9,128.7,166.8,132,415.5,167.4,246.9,187.5,224.7,353.1,279.9,485.4,676.8,731.7,903,1042.5,1097.7,1032.9,1059,1293,1136.4,991.5,2009.4,2755.2,2511.9,2168.7,1640.7,3005.4,1811.4,3188.4,3219,2763.3,4332.3,3752.7,2696.4,3509.4,4137.6,4894.5,6016.5,6590.01,11097.861,11033.052,13195.953,12408.006,23759.166,25096.326,27968.565,25969.281,36309.513,32251.203,33711.072,33694.296,31493.469,32250.921
"49","Seriola quinqueradiata","Japanese amberjack","Finfish",20.4,25.5,25.5,49.98,27.03,34.68,32.64,57.63,149.43,276.42,729.81,1038.36,2274.6,2569.38,5263.71,7537.29,8606.25,10796.19,16206.27,16688.22,22110.54,31488.93,39225.63,40937.19,47269.35,47099.52,51825.69,58581.66,62081.28,78984.72,76148.61,76884.54,74615.04,79498.29,77773.98,76990.11,74397.78,81022.17,84623.28,78113.64,82164.06,82149.27,75837.51,72239.46,75572.31,86580.15,74344.23,70499.34,74892.99,71609.61,69785.34,78068.25,82872.96,80359.68,76534.68,81467.91,79052.04,81471.99,79105.08,79020.93,70857.36,74582.4,81709.65,76697.37,68650.08,71548.92,71842.68,70889.49,70496.79,69547.17,70130.61,68182.41,58070.13,62730
"50","Sinonovacula constricta","Constricted tagelus","Bivalve",5.88,27.72,45.36,90.3,141.54,200.76,270.9,523.74,376.74,674.52,1213.38,949.62,982.38,1193.64,1297.8,2102.1,2565.78,3329.76,4194.96,5382.72,7115.64,8566.32,10210.62,9416.4,10105.2,11829.72,13766.34,20132.28,21000,24381,26106.36,27243.3,30828.42,37379.58,46202.52,52801.14,52993.5,56110.74,59082.66,58156.14,58936.92,69396.6,83411.16,93583.98,106212.12,128834.58,143857.98,139407.66,157901.94,179176.2,204848.7,220385.34,233921.94,247233.84,248561.46,262251.78,256452.42,280164.36,311675.28,283883.04,291199.86,298170.18,289965.9,289753.38,315837.48,319304.58,335698.44,362267.22,358228.5,365085.42,361311.3,361053.42,356002.92,1868624.52
"51","Sparus aurata","Gilthead seabream","Finfish",0,0,0,0,0,0,0,0,0,0,0,0,0,0,0,0,0,0,0,0,5.8,5.8,11.6,23.2,34.8,46.4,52.2,63.8,81.2,93.96,149.06,120.64,151.96,198.94,227.36,327.12,449.5,564.34,1035.3,1650.1,2650.6,3756.66,5601.06,7558.56,11930.6,14198.98,19263.54,24062.46,31553.74,38987.02,50635.74,47656.86,44955.8,55885.9,53776.44,64237.9,62264.74,72289.46,75328.283,78920.6986,82538.8024,77648.9906,83001.6308,92147.5754,93226.1782,98127.3406,109772.7198,127196.6622,132630.1718,150483.3316,164436.0784,184418.0296,199356.0978,197947.4402
"52","Tegillarca granosa","Blood cockle","Bivalve",4027.8,4120.2,4947.6,5090.4,5058.9,5195.4,6085.8,7400.4,5882.1,6061.86,7505.4,6612.48,8379,14111.16,15942.78,15458.94,19375.86,21705.18,19594.68,19170.06,26895.54,25854.78,20310.78,25248.3,28731.78,19645.08,25303.32,35219.52,37889.46,40776.54,64351.56,44693.88,34531.98,32473.98,44747.22,38521.98,43004.64,46226.46,44950.5,48232.8,48353.34,61376.28,61729.92,74189.22,84487.62,105937.86,94064.46,80173.8,114912.84,130942.14,120372,148893.36,154583.94,176040.48,179641.56,161814.66,165551.82,173532.66,176105.58,178084.2,191815.68,164291.82,158862.48,183333.8682,184129.6212,179021.7324,180751.5192,167558.3028,183517.2066,190122.5508,191844.9498,171980.8566,170887.773,170072.6622
"53","Trachinotus ovatus","Pompano","Finfish",0,0,0,0,0,0,0,0,0,0,0,0,0,0,0,0,0,0,0,0,0,0,0,0,0,0,0,0,0,0,0,0,0,0,0,0,0,0,0,0,0,0,0,0,0,0,0,0,0,0,0,0,0,0,0,0,19200,22400,23040,42240,51200,71680,71680,71680,70400,70400,73600,87680,96000,99200,102400,156101.12,157078.4,187048.32
"54","Undaria pinnatifida","Wakame","Algae",2692.035,2587.5,2587.5,2691,2829,2863.5,2932.5,3450,4312.5,4140,4657.5,4830,5002.5,7296.75,7245,6809.265,18219.105,28170.63,42178.32,31977.36,41780.535,53045.82,65882.58,98361.915,142066.515,100608.555,119624.955,133905.885,117243.075,117349.335,140927.325,167923.23,153698.88,156159.075,170697.03,161741.865,200808.975,172848.105,169811.07,168825.75,157772.985,152183.295,192781.17,185207.385,191464.305,183364.05,149811.075,184716.795,118494.045,111707.55,107338.125,80208.015,102110.685,610374.69,774628.845,841709.265,699587.55,609147.1455,605905.905,579342.63,519261.57,583634.775,712902.48,692117.955,782977.155,764371.305,711904.74,807878.59605,800908.806,884608.61085,969940.48995,945657.26475,928920.84555,921780.1977
