"","Species","Continent.Name.En","X2021","X2020","X2019","X2018","X2017","X2016","X2015","X2014","X2013","X2012","X2011","X2010","X2009","X2008","X2007","X2006","X2005","X2004","X2003","X2002","X2001","X2000","X1999","X1998","X1997","X1996","X1995","X1994","X1993","X1992","X1991","X1990","X1989","X1988","X1987","X1986","X1985","X1984","X1983","X1982","X1981","X1980","X1979","X1978","X1977","X1976","X1975","X1974","X1973","X1972","X1971","X1970","X1969","X1968","X1967","X1966","X1965","X1964","X1963","X1962","X1961","X1960","X1959","X1958","X1957","X1956","X1955","X1954","X1953","X1952","X1951","X1950"
"1","Carassius carassius","Africa",217.967,178.578,201.44,30,63,58,35.3,51.195,0,0,2,2,2,2,2,2,2,2,2,2,2,2,2,2,2,1,2,1,1,1,1,1,1,0,0,0,0,0,0,0,0,0,0,0,0,0,0,0,0,0,0,0,0,0,0,0,0,0,0,0,0,0,0,0,0,0,0,0,0,0,0,0
"2","Chanos chanos","Africa",13,176.45,30.88,356.693,345.62,403.481,235.939,222.593,209.772,231.188,137,8.5,10,2,2,2,2,2,0,0,0,0,0,0,0,0,0,0,0,0,0,0,0,0,0,0,0,0,0,0,0,0,0,0,0,0,0,0,0,0,0,0,0,0,0,0,0,0,0,0,0,0,0,0,0,0,0,0,0,0,0,0
"3","Clarias gariepinus","Africa",219591.667,206453.922,214362.815,219131.686,217704.44,222534.33,239587.48,238279.44,222140.95,191751.9,200206,193166,151257.2,125555,78850,65594,38051,21075,8227,8025,5182,2192,1189,832,445,2453,6369,5156,4082,4903,1769,955,308,293,148,154,63,118,89,74,56,51,36,23,14,6,0,0,0,0,0,0,0,0,0,0,0,0,0,0,0,0,0,0,0,0,0,0,0,0,0,0
"4","Ctenopharyngodon idellus","Africa",0,0,0,0,0,0,0,270,453.5,490,400,240,340,400,396,296,431,748,88866,76257,72786,66586,51607,38638,28031,17910,12038,2778,3070,7413,7346,6281,6252,6166,5122,5042,5014,3002,3500,3450,2750,2500,2250,2000,1750,1500,1200,1200,1200,1150,1000,900,900,800,800,900,1000,1000,800,600,600,400,400,300,200,100,50,0,0,0,0,0
"5","Cyprinus carpio","Africa",25036.435,22813.528,25293.857,26821.55,31225.354,34852.6,32872.2,32765.41,28513.43,25915.87,20763.87,17038.5,28412.4,30767.25,3978.2,3457.2,3303.15,3370,20278,19600,22254,19868,25925,15823,15317,31957,24479,22223,22341,27935,23699,26182,29052,22239,15576,15525,13535,12554,9946,9525,8545,7735,6935,6147,5371,4606,3886,3864,3850,3390,3030,2620,2500,2400,2400,2500,2600,3000,2600,2300,2300,2100,2100,2000,1800,1700,1700,1600,1500,1500,1300,1300
"6","Dicentrarchus labrax","Africa",38616.119,37711.5,33596.696,27132.075,34440.615,27509.7,17383.7,17284.118,14164.195,15857.937,20397.313,17814.299,6923.693,5251.34,1043,698,1651,1009,949,989,678,467,634,1129,1158,642,788,908,618,283,405,309,305,323,46,35,19,4,0,0,0,0,0,0,0,0,0,0,0,0,0,0,0,0,0,0,0,0,0,0,0,0,0,0,0,0,0,0,0,0,0,0
"7","Eucheuma denticulatum","Africa",81603.79,91034,97715,104839.5,117900,119130,173800,134795,115519,156882,136539.8,131954,107996.2,112760,88212.5,78060,72540,70920,95600,105970,72380,50910,38170,44050,37670,48740,40170,25590,18680,22230,25970,9080,1000,0,0,0,0,0,0,0,0,0,0,0,0,0,0,0,0,0,0,0,0,0,0,0,0,0,0,0,0,0,0,0,0,0,0,0,0,0,0,0
"8","Gracilaria gracilis","Africa",0,0,0,0,50,50,130,130,130,130,130,580,530,432,127,170,167,162,159,88,32,32,25,33,27,49,27,17,17,0,0,0,0,0,0,0,0,0,0,0,0,0,0,0,0,0,0,0,0,0,0,0,0,0,0,0,0,0,0,0,0,0,0,0,0,0,0,0,0,0,0,0
"9","Hypophthalmichthys molitrix","Africa",0,0,0,0,0,0,0,0,0,0,0,0,0,0,400,450,400,200,250,350,400,600,800,600,600,400,300,0,0,0,0,0,0,0,0,0,0,0,0,0,0,0,0,0,0,0,0,0,0,0,0,0,0,0,0,0,0,0,0,0,0,0,0,0,0,0,0,0,0,0,0,0
"10","Hypophthalmichthys nobilis","Africa",0,0,1.8,0,0.55,0,0,0,0,0,0,0,0,0,0,0,0,0,0,0,0,0,0,0,0,0,0,0,0,0,0,0,0,0,0,0,0,0,0,0,0,0,0,0,0,0,0,0,0,0,0,0,0,0,0,0,0,0,0,0,0,0,0,0,0,0,0,0,0,0,0,0
"11","Kappaphycus alvarezii","Africa",350,897,966,1290,260,11.5,5840,5330,2008,904,621,128,435.75,865,1327.5,2050,4640,4860,6270,9430,10480,0,0,0,0,0,0,0,0,0,0,0,0,0,0,0,0,0,0,0,0,0,0,0,0,0,0,0,0,0,0,0,0,0,0,0,0,0,0,0,0,0,0,0,0,0,0,0,0,0,0,0
"12","Macrobrachium rosenbergii","Africa",2.3,1.6,1.3,0,0.32,0.02,0.09,0.5,3.3,2.8,3,3,4,4,6,5,10,8,10,27,19,34,77,51,69,91,82,83,60,69,59,59,71,73,82,55,48,34,32,35,28,18,15,5,1,0,0,0,0,0,0,0,0,0,0,0,0,0,0,0,0,0,0,0,0,0,0,0,0,0,0,0
"13","Magallana gigas","Africa",1325.234,1015.127,1227.009,1223.111,1305.192,1492.42,1318.99,1088.62,969.956,946.95,810.34,820.65,684.03,640.37,675,622,558,442,519,566,382,460,641,708,728,494,534,676,623,681,877,798,682,503,371,301,288,119,108,102,96,90,84,78,71,65,59,53,47,41,35,28,22,16,10,4,0,0,0,0,0,0,0,0,0,0,0,0,0,0,0,0
"14","Micropterus salmoides","Africa",3.21,7.014,2.44,0.806,2.37,2.76,5.53,14.99,15.725,9.137,32.19,31.071,52.1,44,35,30,35,37,25,39,29,33,47,55,4,3,2,0,0,0,0,0,0,0,0,0,0,0,0,0,0,0,0,0,0,0,0,0,0,0,0,0,0,0,0,0,0,0,0,0,0,0,0,0,0,0,0,0,0,0,0,0
"15","Mizuhopecten yessoensis","Africa",0,0,0,0,0,0,0,0,0,0,0,0,0,0,0,0,0,0,0,0,0,4,1,2,28,0,0,0,0,0,0,0,0,0,0,0,0,0,0,0,0,0,0,0,0,0,0,0,0,0,0,0,0,0,0,0,0,0,0,0,0,0,0,0,0,0,0,0,0,0,0,0
"16","Mugil cephalus","Africa",0,0,0,0,0,200,0,0,0,0,0,0,0,2,0,0,0,0,0,0,0,2,0,2,3,0,3,1,3,0,0,4,0,0,0,0,0,0,0,0,0,0,0,0,0,0,0,0,0,0,0,0,0,0,0,0,0,0,0,0,0,0,0,0,0,0,0,0,0,0,0,0
"17","Mytilus edulis","Africa",190,198,200,135,349,741,25.5,26,33,36,0.15,5,5,5,5,5,5,5,5,10,10,10,10,10,10,10,10,10,6,2,0,0,0,0,0,0,0,0,0,0,0,0,0,0,0,0,0,0,0,0,0,0,0,0,0,0,0,0,0,0,0,0,0,0,0,0,0,0,0,0,0,0
"18","Mytilus galloprovincialis","Africa",3532.786,2403.06,3714.93,2510.85,2379.52,2129.7,1898.16,1860.106,1226.8,961.967,731.063,877.471,873.544,867.584,994,740,597,759,777,592,661,623,2319,2758,2575,1848,2051,2355,2157,1153,1918,1310,961,581,367,150,157,115,92,65,33,28,22,17,12,9,9,9,0,0,0,0,0,0,0,0,0,0,0,0,0,0,0,0,0,0,0,0,0,0,0,0
"19","Oncorhynchus mykiss","Africa",3694.67,4574.79,4960.3,4872.6,3911.9,3588.2,2975.1,2955.46,2626.3,2335,1971.1,1638,1319,1646,1343,1194,1144,1178,1929,1798,1723,1892,1446,1913,1309,991,1164,1421,1430,1322,1509,1184,856,937,804,787,630,557,192,157,160,170,182,177,167,182,183,182,192,172,220,240,293,317,360,370,399,430,380,360,410,380,350,370,350,320,300,270,250,200,200,180
"20","Oreochromis niloticus","Africa",1299406.005,1229962.324,1325213.325,1303244.333,1188112.1,1154213.56,1068135.57,940119.35,795098.4,910325.78,708251.33,634375.94,446263.2,428164,306028,288742,235242,212489,212316,184689,165838,168110,111565,61455,38297,34924,31248,33134,29664,31350,26169,30791,36057,30079,29606,29262,27997,15206,16086,15187,13550,12399,11260,10127,8985,7853,6729,6622,6527,5924,5328,4723,4597,4392,4302,4315,4330,4646,4162,3776,3688,3399,3308,3115,2819,2520,2418,2112,1800,1482,1054,908
"21","Pangasianodon hypophthalmus","Africa",15,0,0,0,0,0,0,0,0,0,0,0,0,0,0,0,0,0,0,0,0,0,0,0,0,0,0,0,0,0,0,0,0,0,0,0,0,0,0,0,0,0,0,0,0,0,0,0,0,0,0,0,0,0,0,0,0,0,0,0,0,0,0,0,0,0,0,0,0,0,0,0
"22","Penaeus monodon","Africa",3483.06,5356.53,4653.96,5328.75,5899,4494,3705,5092,5657,5260.5,6201,4898,3742,9093,9203,9724,8051,7633,8257,8047,5681,5225,3713,3141,3062,2705,1743,584,921,121,53,26,8,0,0,0,0,0,0,0,0,0,0,0,0,0,0,0,0,0,0,0,0,0,0,0,0,0,0,0,0,0,0,0,0,0,0,0,0,0,0,0
"23","Penaeus vannamei","Africa",3548,2257.484,228.2,246.2,257,141,0,0,0,0,0,0,18,11,0,0,0,0,0,0,0,0,0,0,0,0,0,0,0,0,0,0,0,0,0,0,0,0,0,0,0,0,0,0,0,0,0,0,0,0,0,0,0,0,0,0,0,0,0,0,0,0,0,0,0,0,0,0,0,0,0,0
"24","Procambarus clarkii","Africa",0,0,0,0,0,0,0,0,0,0,0,0,0,0,0,0,0,0,1,0,0,0,0,0,1,1,0,0,0,0,0,0,0,0,0,0,0,0,0,0,0,0,0,0,0,0,0,0,0,0,0,0,0,0,0,0,0,0,0,0,0,0,0,0,0,0,0,0,0,0,0,0
"25","Sciaenops ocellatus","Africa",2231.344,3239,3147,1968,1220,744,654,686,325.2,535,490,609.4,426.1,288,277,547,523,496,213,0,15,0,0,0,0,0,0,0,0,0,0,0,0,0,0,0,0,0,0,0,0,0,0,0,0,0,0,0,0,0,0,0,0,0,0,0,0,0,0,0,0,0,0,0,0,0,0,0,0,0,0,0
"26","Scylla serrata","Africa",2.394,1,1,2.02,3,3.4,6.2,6.2,6.1,6.2,6.45,11,8.2,7,7,3,2,2,2,1,2,1,3,4,2,4,5,5,3,3,2,2,1,1,1,1,1,1,0,0,0,0,0,0,0,0,0,0,0,0,0,0,0,0,0,0,0,0,0,0,0,0,0,0,0,0,0,0,0,0,0,0
"27","Sparus aurata","Africa",62719.501,57357.2,55497.22,50146.11,53414.22,40128.7,26577.6,25742.816,23360.644,20239.349,18448.18,17510.898,6951.333,5588.49,2055,1141,5368,3555,3381,2442,1852,9702,3347,4146,2753,2429,1827,1551,1358,1085,929,220,124,194,25,20,5,16,10,4,0,0,0,0,0,0,0,0,0,0,0,0,0,0,0,0,0,0,0,0,0,0,0,0,0,0,0,0,0,0,0,0
"28","Clarias gariepinus","Americas",3204,4428,5400,6286,6439,6670,7746,7102,6758.3,6347,5181,5578,6331,4881,302,362,224,245,284,465,309,478,441,603,4066,2454,2263,0,0,0,0,0,0,0,0,0,0,0,0,0,0,0,0,0,0,0,0,0,0,0,0,0,0,0,0,0,0,0,0,0,0,0,0,0,0,0,0,0,0,0,0,0
"29","Crassostrea virginica","Americas",130616.391,155138.228,134939,118196,118362,98263,98175,108383,103057,71512,111843,93078,93314,93583,96737,62861,110662,71816,54154,45058,42662,57522,55734,65147,59514,76450,63417,75890,84904,70432,34533,79575,81073,83205,91568,98040,105089,85240,86558,87900,66550,68140,80740,85490,94650,129870,97470,98700,100050,101600,102900,70640,80640,80630,70620,75610,80610,80600,65590,60580,60570,55570,45560,50550,50540,50540,40530,35520,35510,30510,25500,0
"30","Ctenopharyngodon idellus","Americas",471.5,494.7,512.8,550.06,41.8,42.995,48.39,71,66.66,51.88,47,1,2.81,1,31,52,40,7,37,126,23,52,200,41,56,65,69,39,49,63,101,71,61,69,90,54,27,6,2,0,0,0,0,0,0,0,0,0,0,0,0,0,0,0,0,0,0,0,0,0,0,0,0,0,0,0,0,0,0,0,0,0
"31","Cyprinus carpio","Americas",2290.984,6941.55,5499.368,7013.513,5973,6708.937,5228.57,9715.51,1594.865,2533.8,1850.63,1240.19,7272.66,7096,43455,66604,64835,69324,75314,69702,68008,64496,57625,41402,44602,33122,20588,8179,7544,8690,8815,8332,6895,8002,7587,5997,4870,3065,2585,2443,2227,1205,1000,700,450,400,500,300,300,250,250,200,150,150,150,100,80,80,120,120,100,100,100,100,80,100,50,0,0,0,0,0
"32","Dicentrarchus labrax","Americas",80,80,80,80,80,0,0,0,0,0,0,0,0,0,0,0,2,3,2,0,0,0,0,0,0,0,0,0,0,0,0,0,0,0,0,0,0,0,0,0,0,0,0,0,0,0,0,0,0,0,0,0,0,0,0,0,0,0,0,0,0,0,0,0,0,0,0,0,0,0,0,0
"33","Eucheuma denticulatum","Americas",1,1,1,1,0,0,0,0,0,0,0,0,0,0,0,0,0,0,0,160,0,0,0,0,0,0,0,0,0,0,0,0,0,0,0,0,0,0,0,0,0,0,0,0,0,0,0,0,0,0,0,0,0,0,0,0,0,0,0,0,0,0,0,0,0,0,0,0,0,0,0,0
"34","Gracilaria gracilis","Americas",15615,18318,21722,20754.69,16775.22,14876,11982,12838,12490,4141,14499,12180,88167,21706,23668,33590.5,15492,20266,40050,71648,65550,33482,31331,68511,102892,105449,49195,65797,48655,47827,57719,38057,36190,23144,9278,5432,5024,6800,1237,3060,1990,1455,1054,755,534,373,258,175,117,31,12,2,0,0,0,0,0,0,0,0,0,0,0,0,0,0,0,0,0,0,0,0
"35","Hypophthalmichthys molitrix","Americas",12000,13200,12100,12454,15586,14972,17098,17831,16249.6,14444,14646,16229,17437,20181,19950,12162,12322,15005,13136,12773,12979,17530,27275,25681,21808,15552,9924,6867,5257,3334,3096,2457,1509,899,704,383,282,256,110,53,20,0,0,0,0,0,0,0,0,0,0,0,0,0,0,0,0,0,0,0,0,0,0,0,0,0,0,0,0,0,0,0
"36","Hypophthalmichthys nobilis","Americas",0,0,0,0,0,0,0,0,0,0,0,0,0,0,0,0,0,0,0,0,2005,2005,2005,2005,1542,0,1,0,4,3,2,1,2,16,4,3702,3501,2090,1890,2250,1780,1500,1690,1513,1600,1550,1466,1470,1430,1390,1350,1310,1280,1240,1210,1180,1200,1110,1080,1050,1020,1000,970,940,920,890,870,840,820,800,780,750
"37","Kappaphycus alvarezii","Americas",5694,5514.47,5336.24,862,760,760,740,735,700,700,700,700,500,300,0,0,0,0,0,0,25,95,160,160,36,32,40,15,54,5,0,101,0,0,0,0,0,0,0,0,0,0,0,0,0,0,0,0,0,0,0,0,0,0,0,0,0,0,0,0,0,0,0,0,0,0,0,0,0,0,0,0
"38","Macrobrachium rosenbergii","Americas",235.24,235.628,279.329,276.12,261.95,265.66,247.61,300.08,257.58,384.95,407.75,497.99,511.042,503.24,622.414,831.015,862.161,677.5,792,701,732,737,557,704,945,962,922,2489,2099,2420,2167,2313,2431,2319,2153,1814,1756,1665,1515,1399,1243,1111,959,766,639,482,366,256,159,74,10,10,0,0,0,0,0,0,0,0,0,0,0,0,0,0,0,0,0,0,0,0
"39","Magallana gigas","Americas",35587.434,30519.837,38029.784,36105.455,41508.023,40106.086,40011.17,38932.8,31854.4,40535,38054,39698.34,46404.3,39973,45623,50032,53764,55288,55656,56167,69621,50083,45584,43354,34494,38773,43878,43511,45239,37402,39842,41050,36898,41291,44011,41582,32090,35166,21540,23722,25644,25682,21842,22275,25617,26802,24253,21871,30600,37000,31400,30400,26099,29239,28773,28923,32954,34912,34579,37877,36111,38952,42642,40251,40959,44216,45099,42809,40776,39535,34420,32463
"40","Micropterus salmoides","Americas",0,576.021,518.937,596.544,655.984,75.514,26.83,58,3.869,0.439,0,0,394,440,543,1198,1148,247,200,333,125,136,153,213,185,132,366,524,7,9,35,38,84,57,85,67,66,88,99,72,53,82,0,100,100,100,0,0,0,0,0,0,0,0,0,0,0,0,0,0,0,0,0,0,0,0,0,0,0,0,0,0
"41","Mugil cephalus","Americas",0,0,0,0,0,4.86,26.51,42.371,8,7,19,35.3,35.1,0,0,0,0,0,0,0,0,1,0,0,0,0,0,3,0,0,0,0,0,0,0,0,0,0,0,0,0,0,0,0,0,0,0,0,0,0,0,0,0,0,0,0,0,0,0,0,0,0,0,0,0,0,0,0,0,0,0,0
"42","Mytilus chilensis","Americas",424294,399097,379097,365595.16,338846,300648,208707,238088,241841,244137,288583,221522,166952,187064,153433,126952,87736,77461,57809,41797,34648,23477,16203,11911,8635,6064,5595,3772,2900,3352,2822,2103,2299,2227,1410,1606,983,975,309,1389,582,300,250,200,200,288,200,213,183,157,135,116,100,90,70,60,50,50,40,30,30,30,20,20,20,20,10,10,10,10,10,10
"43","Mytilus edulis","Americas",24886.376,19237.476,28344.476,28992.6,26649.54,26814.2,24519,26978.68,28352.53,32212,28234,27982,23511,21834,25786,26173,25436,24275,22092,24126,22924,23535,18641,16214,12915,12135,9552,7829,5839,5516,4334,4976,4788,4033,4403,4622,2878,2822,622,965,878,840,640,2845,1105,981,1098,998,900,950,900,827,1182,739,713,689,318,273,636,602,583,545,549,534,521,508,500,487,479,273,465,773
"44","Oncorhynchus kisutch","Americas",212720,204472,205210,148330.88,164045,110804,126771,145128,133072,146334,144120,110000,147348,92267,105377,118042,102376,90244,93114,104673,139315,95519,78327,79581,74940,67778,44836,35876,28006,22994,18638,14976,9358,8431,4087,2599,2097,1309,684,729,541,610,546,529,450,430,400,370,350,320,290,250,219,184,146,106,63,20,13,5,0,0,0,0,0,0,0,0,0,0,0,0
"45","Oncorhynchus mykiss","Americas",174878.332,210011.279,198373.979,218832.999,200436.68,201004.778,182444.56,237000.306,216979.096,313799.4,278550,266462.7,262704,190531,204499,191626,168449,168704,154041,154338,156990,128907,98569,114449,117459,89697,83152,64146,55922,48599,42400,39567,34923,33803,31764,28209,27619,26093,25233,23584,23047,23369,12579,16089,18623,17501,16344,15162,14014,12702,11403,10170,8757,7335,5853,4295,2575,892,605,306,160,115,100,100,100,100,100,300,200,200,200,200
"46","Oreochromis niloticus","Americas",464755.638,452797.053,435543.937,422963.97,390295.178,346609.326,315075.324,300526.834,265786.111,288350.09,279878.56,262629.75,228564.7,192461.5,181528.8,149529.99,147677,130976,115695,100532,68643,61767,49244,39583,24392,24112,20325,6583,7537,7444,6641,5774,4587,4054,3120,1970,1306,608,449,334,186,129,101,89,39,27,19,13,9,6,1,0,0,0,0,0,0,0,0,0,0,0,0,0,0,0,0,0,0,0,0,0
"47","Pangasianodon hypophthalmus","Americas",641,646,616,1010,810,379,276,171,75,58,45.5,0,0,0,0,0,0,0,0,0,0,0,0,0,0,0,0,0,0,0,0,0,0,0,0,0,0,0,0,0,0,0,0,0,0,0,0,0,0,0,0,0,0,0,0,0,0,0,0,0,0,0,0,0,0,0,0,0,0,0,0,0
"48","Penaeus vannamei","Americas",1333247.229,1180107.984,1085593.839,928245.199,798061.574,724974.989,728770.535,641679.114,565740.228,592908.2,564426.4,506845.64,476936.04,476524.4,449706.3,459916,385497,333341,303379,235001,186650,152205,193932,200636,181568,150196,148807,130062,117016,140052,123741,91698,81205,80017,71433,44869,30953,33844,33802,20749,11160,8359,4080,3733,3342,2087,1549,1021,508,200,50,50,10,0,0,0,0,0,0,0,0,0,0,0,0,0,0,0,0,0,0,0
"49","Procambarus clarkii","Americas",72298.83,72298.83,72298.83,72682,63626,67592,63690,60858,48500,43437,53435,52942,46717,53285,51992,37972,35171,31926,33498,27825,13847,7713,19459,17216,22592,21380,26605,22493,25957,28791,27681,32205,30000,29931,43182,44318,29545,27000,30000,25000,16800,10849,9700,5891,6806,4500,3250,2450,1850,1400,1100,800,620,470,360,270,210,160,120,90,70,50,40,30,20,20,10,10,10,10,4,3
"50","Ruditapes philippinarum","Americas",4551,4404,6272.893,5331,4745,5027,4812,4817,5267,6836,4601,4207,4866,4984,5540,7323,5790,4771,4564,4262,4218,3381,4797,2600,3012,2782,3259,2437,3234,2228,1820,1389,1521,1514,1461,1687,1294,1084,0,0,0,0,0,0,0,0,0,0,0,0,0,0,0,0,0,0,0,0,0,0,0,0,0,0,0,0,0,0,0,0,0,0
"51","Salmo salar","Americas",861511.52,923822.52,836451.52,799935.9,748848.9,671604,748997,728058,586751,522003,383493,241079,344964,508837,443901,504537,492857,460566,403449,392860,369982,261787,182971,171048,165695,127708,101999,72854,63413,51048,35117,22288,10381,4494,1539,690,349,222,68,143,76,27,5,0,0,0,0,0,0,0,0,0,0,0,0,0,0,0,0,0,0,0,0,0,0,0,0,0,0,0,0,0
"52","Sciaenops ocellatus","Americas",3324.58,3319.58,3299.58,3305.84,1219.832,1388.605,1652.57,1773,2115.024,1516,1511,1197,1468,1474.5,1870.4,1582.8,1571.7,1449,73,1947,1918,1918,2402,20,12,10,7,12,10,15,10,5,6,0,1,0,0,0,0,0,0,0,0,0,0,0,0,0,0,0,0,0,0,0,0,0,0,0,0,0,0,0,0,0,0,0,0,0,0,0,0,0
"53","Sparus aurata","Americas",285,285,270,270,170,0,0,0,0,0,0,350,350,350,350,350,350,69,143,0,0,0,0,0,0,0,0,0,0,0,0,0,0,0,0,0,0,0,0,0,0,0,0,0,0,0,0,0,0,0,0,0,0,0,0,0,0,0,0,0,0,0,0,0,0,0,0,0,0,0,0,0
"54","Carassius carassius","Asia",2669.448,2401.203,2208.148,1492.322,1694.257,1544.736,1460.8,1513.56,1261.42,855.3,940,982,845,1052,1395,1575,2104,3156,3037,2617,2655,3369,3459,3572,3711,3000,3815,4208,3090,2993,3509,3989,4038,4901,4410,4779,4557,4685,5149,4466,5101,4269,3805,3741,3077,3025,3260,3050,3340,2645,2228,2415,2706,2383,2262,2068,1504,1533,1533,1549,1515,1624,1500,1500,1500,1500,1500,1500,1500,1500,1500,1000
"55","Catla catla","Asia",3784873.12,3540321,3287174.34,3121788.808,2708492.51,2509658.729,2313444.14,2268220.36,2275123.8,2260571.8,1988379,2526420,2039120.7,1974831,2133929,1394507,1317472,1187139,585087,564891,484691,602320,607963,555265,591544,535574,447834,353151,341475,301148,291238,235253,234000,207875,181750,155625,142500,129313,118424,106755,96236,86751,78203,70496,63549,57286,51641,46552,41965,37830,34104,30743,27716,24985,22525,20306,18306,16504,14879,13413,12093,10903,9830,8862,7990,7204,6495,5856,5279,4760,4291,3869
"56","Chanos chanos","Asia",1173306.11,1167543.71,1151891.952,1192293.681,1033461.569,1082804.677,1011982.997,978913.94,976940.15,872102.59,823588.13,750410.2,660159.5,612794,600449,524002,542831,514657,485367,472695,453608,429622,397310,335849,318635,329383,317276,314963,305802,308166,381804,399554,313137,317097,305214,284158,274451,263418,342985,316713,289477,222436,194296,181398,175610,168780,170477,168860,156528,154814,158574,154646,145354,148728,130349,133322,123220,126718,118385,120188,123632,113660,112281,106239,93973,87975,87256,76037,73145,63620,58802,56213
"57","Clarias gariepinus","Asia",9825,9638,10335,9708,6313,3095,2616,2489,2780,3265,1858,2057,1437,1395,1708,1207,1392,927,1000,850,543,414,115,103,68,85,0,0,0,0,0,0,0,0,0,0,0,0,0,0,0,0,0,0,0,0,0,0,0,0,0,0,0,0,0,0,0,0,0,0,0,0,0,0,0,0,0,0,0,0,0,0
"58","Ctenopharyngodon idellus","Asia",211608.047,204668.482,183148.722,187677.33,162247.663,148636.06,141388.141,138301.54,136978.07,214178.58,197807.8,123057.8,87166.1,77277,73661,68278,61140.99,52292,165308,100622,76177,151861,154676,140000,49237,34662,32887,25355,28720,15860,16020,18754,19422,21607,17954,16074,15199,16029,16902,14792,15350,13622,13808,11769,9488,9424,7898,7390,7177,4641,3658,3395,3858,3667,3237,2993,2843,2624,2476,2331,2374,2185,2032,1895,1815,1700,982,910,834,754,671,584
"59","Cyprinus carpio","Asia",1186077.969,1091639.703,1260555.282,1004520.196,679908.702,830595.054,781987.53,769625.96,729248.28,655506.95,575528.2,676463,492860.9,438247,383601,346216,307359,296522,755778,645780,615230,341335,324811,269650,236252,261889,244390,213778,211414,171630,140929,148722,145123,147134,149119,122985,104274,102783,100737,90814,96226,85845,82592,81746,84142,79814,88885,79458,80125,72636,64869,61370,56842,56402,54882,49649,48505,43378,41430,40065,39036,37196,35768,30054,34024,36777,33013,26307,25034,22621,16938,16808
"60","Dicentrarchus labrax","Asia",164234.5,156858.5,145550.5,124789.5,102990,83015,76940,76514,69548.5,66815,48708,52197,47448,50219.215,42856,39346,38490,27561,22554,15146,16266,18326,12324,8895,6357,5376,3572,2549,3292,827,792,117,61,8,5,1,1,1,0,0,0,0,0,0,0,0,0,0,0,0,0,0,0,0,0,0,0,0,0,0,0,0,0,0,0,0,0,0,0,0,0,0
"61","Epinephelus coioides","Asia",528.5,866.09,637.955,554.526,563.478,417.258,425.091,596.101,444.9,454.299,149.962,128.815,185,195,87,92,108,144,76,3,3,6,5,0,0,0,0,0,0,0,0,0,0,0,0,0,0,0,0,0,0,0,0,0,0,0,0,0,0,0,0,0,0,0,0,0,0,0,0,0,0,0,0,0,0,0,0,0,0,0,0,0
"62","Eriocheir sinensis","Asia",18.754,29.308,51.362,72.571,58.072,80.442,157.3,86.74,106.956,86,19.4,22,17,10,10,11,16,35,14,16,21,15,12,8,31,0,1,3,0,0,0,0,0,0,0,0,0,0,0,0,0,0,0,0,0,0,0,0,0,0,0,0,0,0,0,0,0,0,0,0,0,0,0,0,0,0,0,0,0,0,0,0
"63","Eucheuma denticulatum","Asia",46123.433,63073.204,75619.444,71570.69,83877,102496,106950,113127,124218,137603,136183,133583,118079,108664,103374,79762,101972,87302,82329,83922,73414,34424,20084,17425,13202,14120,12992,14039,18382,17475,14190,14559,13435,12820,11041,8173,8833,6877,6610,5436,4149,6637,4216,3761,3356,3000,3000,3000,0,0,0,0,0,0,0,0,0,0,0,0,0,0,0,0,0,0,0,0,0,0,0,0
"64","Gracilaria gracilis","Asia",1795860.815,1472428.812,1236746.175,142898.993,1070624,1368038.24,1167300,1116673.6,987154,790970,643640,531048,184176,219949,254204,131423,55383,22995,21015,21643,20000,19000,11000,11000,11000,10000,9000,7000,6000,6000,4000,3000,2700,2700,2700,2700,2500,2000,2000,2000,2000,1900,1800,1700,1400,1300,1260,1200,1150,1120,1080,828,783,738,693,649,625,600,500,500,500,500,500,500,500,400,400,400,400,300,300,300
"65","Hypophthalmichthys molitrix","Asia",1082014.262,1024321.5,949685.85,865544.055,780182.23,726223.554,709685.92,678216.46,698160.46,455683.6,376990.72,451531.3,569007.2,545946,479872,598443,591236.99,504980,405248,391662,582279,165896,138443,138269,117519,80622,66072,40679,39975,36898,18379,18460,16822,14161,11933,10984,8988,9199,7116,6527,5301,4346,3760,2997,3599,1722,1616,1403,1584,1533,1360,1352,1137,1145,1032,1135,1303,1223,1039,992,949,876,843,786,745,675,637,584,536,469,408,345
"66","Hypophthalmichthys nobilis","Asia",51263.485,50097.583,48920.1,51065.697,56748.995,57033.102,53310.676,60358.98,57443.944,61982.66,52087,48368,43527.2,46973,46683,40965,40935,35233,28597,35958,33435,24625,23125,17070,13660,14663,16085,19056,12224,21577,19452,18329,20380,21038,21300,20491,22854,15935,17413,15535,16095,13536,13858,12337,9809,10677,8955,8094,7511,6258,5911,5294,4011,3861,3271,3185,2827,2382,2193,2345,2137,2010,2202,1995,1888,1600,2083,2265,2458,2360,1373,1366
"67","Kappaphycus alvarezii","Asia",1476158.718,1588177.598,1613081.628,1586546.822,1535155.335,1509195.44,1729068.3,1686765,1704829.2,1949142.5,1943868.65,1876120.1,1760784,1667711,1490405,1447276,1276186,1148813,931382,822373,711089,649319,658277,644207,630375,638853,562003,440669,357997,311060,252566,259146,239142,228201,196548,150259,162385,126430,117661,96752,73855,118130,94373,75009,22685,12000,14000,16000,5000,3000,3000,1000,1000,1000,1000,1000,1000,0,0,0,0,0,0,0,0,0,0,0,0,0,0,0
"68","Labeo rohita","Asia",2577865.79,2484631.082,1993829.479,2027594.103,1964103.18,1843005.425,1785322.09,1668975.5,1679969.07,1566034.44,1507753.21,1133233,1262312.2,1191075,1007175,1635873,1435861,1382118,796645,668987,601233,733869,718683,660263,702338,644493,542364,422940,398186,330252,299098,244678,243869,217193,190077,164177,150340,135746,123458,111200,100146,90134,81235,73061,65780,59064,53204,47876,43103,38798,34896,31388,28233,25383,22848,20531,18461,16584,14914,13413,12075,10852,9769,8783,7902,7100,6390,5751,5176,4663,4199,3782
"69","Laminaria japonica","Asia",1309037.143,1305378,1295369,1206132,1124748,974920,981308,905208,852973,787048,716096,728873,790880,776458,735705,687558,597111,514061,520532,520296,525001,428006,443698,428054,469146,732340,686722,755527,1050146,1025484,851557,812381,1091000,990308,973562,763588,665389,570683,461315,380048,319871,264386,215266,179240,154130,132941,102750,81748,64552,50070,39062,31834,26424,21802,18203,15182,12418,10310,8579,8056,6187,5426,5137,3989,3456,4218,3658,3362,3119,2920,3756,5338
"70","Lateolabrax japonicus","Asia",1956.901,1656.887,1763.405,1857.236,3164.8,3262.077,3215,3382.05,1248,1522,1835,1952,2395,2007,2361,1571,2600,1850,2778,2006,873,605,797,0,0,266,0,0,0,0,0,0,0,0,0,0,0,0,0,0,0,0,0,0,0,0,0,0,0,0,0,0,0,0,0,0,0,0,0,0,0,0,0,0,0,0,0,0,0,0,0,0
"71","Lates calcarifer","Asia",112731.779,102343.533,82111.298,87820.099,74145.523,54161.236,64941.057,61971.09,49793.703,56307.36,51204.2,49053.82,38586.959,32007,25122,25970,25211,23891,23802,21767,23168,17289,18575,16093,12463,13605,10106,11270,10752,9259,6472,7141,6404,3916,3888,2767,1970,1646,2730,1583,1403,1261,1148,829,876,696,270,280,120,72,58,144,144,131,126,122,15,10,5,0,0,0,0,0,0,0,0,0,0,0,0,0
"72","Macrobrachium rosenbergii","Asia",142215.493,121833.995,135691.993,124370.379,107536.59,118096.971,84780.28,86570.336,85344.97,86000.29,78726.52,71826,79012.52,90816,101644,94542,109440,105849,91330,69115,59578,45021,31308,25779,25657,23451,34434,29540,26912,30524,35309,28451,23959,23343,21805,12000,8272,9516,5940,4506,2606,1725,884,535,227,96,36,0,0,0,0,0,0,0,0,0,0,0,0,0,0,0,0,0,0,0,0,0,0,0,0,0
"73","Magallana gigas","Asia",482385.886,478319.624,507259.968,501945.578,512340.1,450239.352,451677.72,492194.61,431725.274,472917.46,481586.9,504135.56,472983,474849,553958,520089,499032,494176,486649,423405,422449,418303,401233,394772,443045,436319,443880,420713,521427,506977,479625,496070,527887,585149,568052,525754,519559,489450,483117,456812,454837,455318,382999,393337,379035,394384,358627,279950,322789,295310,252149,240827,287808,315146,285840,279689,264245,281450,301433,218200,186987,195978,159780,160612,150138,120586,105340,109298,112858,85300,58000,37800
"74","Micropterus salmoides","Asia",1276.378,1097.629,1696.973,1428.847,892.88,1867.788,934,1015.54,0,0,0,0,0,0,0,0,0,0,0,0,0,0,0,0,0,0,0,0,0,0,0,0,0,0,0,0,0,0,0,0,0,0,0,0,0,0,0,0,0,0,0,0,0,0,0,0,0,0,0,0,0,0,0,0,0,0,0,0,0,0,0,0
"75","Mizuhopecten yessoensis","Asia",170006.835,155052,149948,179709,138883,217816,250016,185794,168578,185006,119028,220102,257243,226128,247802,212386,203567,215376,258362,271997,235679,213074,216394,226494,254723,265655,227882,199408,241426,208050,188834,192042,180255,181929,152407,139866,108509,73948,85111,76866,59095,40399,43614,67723,83180,64909,70313,62651,39297,23049,10361,5674,0,0,0,0,0,0,0,0,0,0,0,0,0,0,0,0,0,0,0,0
"76","Mugil cephalus","Asia",7407.932,1700.036,1957.148,1970.864,1870.883,1430.399,1804.201,3032.78,2672.737,1554.56,2456.21,2916.42,2348,1237,2563,2123,1272,1238,1665,2086,990,905,1083,1024,1647,1034,695,1023,914,462,425,507,383,336,180,113,113,112,248,182,321,204,164,251,168,179,185,188,162,106,62,78,75,72,34,32,31,596,553,599,604,453,50,45,45,44,44,60,60,40,25,15
"77","Mylopharyngodon piceus","Asia",1004.29,1003.999,868.576,238.176,233.484,234.388,121,135.02,135.83,162,273.46,364,368,528,627,730,781,831,788,816,939,1295,1018,977,1123,1476,1578,2169,950,480,408,383,499,0,0,0,0,0,0,0,0,0,0,0,0,0,0,0,0,0,0,0,0,0,0,0,0,0,0,0,0,0,0,0,0,0,0,0,0,0,0,0
"78","Mytilus galloprovincialis","Asia",4585,4037,4168,907,489,329,3,0,0,0,5,340,89,196,1100,1545,1500,1513,815,2,5,321,500,2000,2000,1918,180,0,35,0,0,0,0,0,0,0,0,0,0,0,0,0,0,0,0,0,0,0,0,0,0,0,0,0,0,0,0,0,0,0,0,0,0,0,0,0,0,0,0,0,0,0
"79","Oncorhynchus kisutch","Asia",18500,17333,15938,18053,15648,13208,13937,12802,12215,9728,116,14766,15770,12809,13567,12046,12729,9607,9208,8023,11616,13107,11148,8721,9927,8401,13524,22824,21148,25519,25730,23608,19849,16496,12177,7533,6990,5049,2760,2122,1150,1855,370,0,0,0,0,0,0,0,0,0,0,0,0,0,0,0,0,0,0,0,0,0,0,0,0,0,0,0,0,0
"80","Oncorhynchus mykiss","Asia",373215.267,354677.152,325561.135,306066.679,287860.118,280575.36,259555.98,250741.43,283929.91,257564.2,226029.4,188548.7,167460.1,144531,132807,115241,97183,89099,78530,65064,65310,69422,62614,58432,50460,39705,32238,25749,25715,24664,23421,22644,21827,20528,20962,21045,19419,18569,19391,19372,18665,18297,17164,17591,16379,15634,15933,16761,15611,13084,12625,10637,9919,9265,7558,5973,5545,5027,3652,3345,2908,2666,2624,2340,1795,1631,966,692,447,243,178,174
"81","Oreochromis niloticus","Asia",1835938.432,1665851.448,1783649.593,1620241.22,1715649.098,1535850.316,1496171.869,1397386.71,1325689.504,1108990.86,930347.95,813073.2,769193.3,726448,627597.4,571472,504990,412893.4,316505,280738,254957,227362,198448,179412,216558,194475,175644,159233,161328,142661,107191,94944,82378,63007,60488,54188,41456,34727,32866,26649,24986,22781,18699,17794,14424,12249,8487,7114,6013,5056,4272,3636,3038,2571,2040,1698,1418,1172,989,847,725,633,557,489,436,388,345,316,290,267,247,230
"82","Pangasianodon hypophthalmus","Asia",2550858.33,2580867.47,2687241.07,2359619.466,2295178.526,2191344.991,2082894.822,2036665.9,1967022.866,1985335,1793549.25,1749360.38,1554400,1684506,882149,553810,411180,293056,190785,153537,128638,113226,98359,71200,46860,10300,12000,13189,11990,14183,14518,13340,13539,20353,11822,12574,13786,8174,9924,11444,14346,9875,7577,10811,7213,8306,6655,10105,7400,7100,6800,6600,6287,6028,5779,5541,5313,5094,4884,4682,4489,4304,4127,3957,3793,3637,3487,3343,3206,3073,2947,2825
"83","Penaeus monodon","Asia",587491.766,627298.266,630218.757,670806.805,647121.278,629468.271,658993.224,625105.67,634324.77,602193.6,624447.63,503023,705169.23,650349,522815,561993,590899,646773,670900,620018,664717,623194,541537,498538,475174,532741,563065,557262,492864,438290,373547,289182,257077,199651,177055,113106,75790,63669,41543,27763,21195,16549,18392,13258,10687,9930,7185,4372,3340,2848,2425,2122,1870,749,401,244,149,93,61,60,76,71,77,73,70,71,0,0,0,0,0,0
"84","Penaeus vannamei","Asia",3010273.023,2758675.13,2548845.709,2328600.654,2262077.857,1764888.806,1555340.01,1481000.46,1217121.605,1192184.7,1199272.5,958054,849653,765234,836878,782743,590418,355838,175099,77633,5809,2310,0,0,0,0,0,0,0,0,0,0,0,0,0,0,0,0,0,0,0,0,0,0,0,0,0,0,0,0,0,0,0,0,0,0,0,0,0,0,0,0,0,0,0,0,0,0,0,0,0,0
"85","Porphyra yezoensis","Asia",794789.239,828537.68,861245.08,854491,831206,713425,688454,675992,723778,692425,609790.5,565234,554064,562783,606741,585242,584190,587490,540931,646050,541047,529188,623559,595598,541001,552908,612972,767789,618233,566376,565229,502905,565428,578606,424569,566575,481669,553079,466719,359881,436232,427388,380874,388329,343318,339061,323534,393754,346173,240948,279747,267246,150523,159019,165722,134647,147011,120958,153061,160604,150391,102667,77167,63740,100998,65997,56384,43057,37779,42010,24502,21000
"86","Ruditapes philippinarum","Asia",23817.88,18054.43,22259.44,20000.65,10435,14720,102,7397.8,4699,12752,25838.8,23575,18043,16773,18971,14491,17584,27782,27735,10886,16748,18395,16393,18101,14677,19686,16624,20240,11441,55187,46874,63259,66068,53890,57128,39354,18039,21011,26905,32256,35747,33301,29907,22447,25647,20761,17828,16122,12361,9780,8934,6226,14380,12859,8279,8265,5000,8000,0,0,0,0,0,0,0,0,0,0,0,0,0,0
"87","Salmo salar","Asia",240,360,60,60,50,20,20,20,15,15,15,10,10,0,0,0,0,0,0,0,0,0,0,40,50,193,654,434,791,680,1500,300,0,0,0,0,0,0,0,0,0,0,0,0,0,0,0,0,0,0,0,0,0,0,0,0,0,0,0,0,0,0,0,0,0,0,0,0,0,0,0,0
"88","Sargassum fusiforme","Asia",20180.26,27575,33477,36200,54624,32762,28243,16563,13335,14378,25880,21133,19533,17701,20909,21125,30058,22814,33661,11016,6873,12091,22940,25220,34475,23054,37679,31669,27621,18163,11408,23920,20168,23871,11572,13289,8497,4325,2633,1434,1497,1225,925,738,581,468,376,300,240,191,153,122,97,78,74,74,64,63,51,40,32,26,21,16,13,10,8,7,5,0,0,0
"89","Sciaenops ocellatus","Asia",375,430,450,150,150,210,350,397,470,278,460,460,459,427,381,392,297,638,438,247,299,197,101,128,104,0,0,0,0,0,0,0,0,0,0,0,0,0,0,0,0,0,0,0,0,0,0,0,0,0,0,0,0,0,0,0,0,0,0,0,0,0,0,0,0,0,0,0,0,0,0,0
"90","Scylla serrata","Asia",115474.32,112080.036,234126.712,90791.387,86526.973,93204.152,83588.22,79144.02,41349.92,43976.306,36770.392,36963.87,21958.5,20048,16308,13789,11696,8986,12507,14440,9209,10729,10625,5990,9972,5465,7224,8368,9181,6694,3303,3786,4309,3529,3442,3658,3474,3009,2439,2256,1618,933,1177,749,625,823,558,1385,440,556,429,303,660,641,662,660,567,590,601,560,548,550,550,450,440,440,440,340,440,310,310,290
"91","Seriola quinqueradiata","Asia",132700,137511,136367,138229,138999,140868,140292,134608,150387,160215,146240,138936,154943,155108,159749,155004,159741,150068,157568,162496,153075,136834,140411,146849,138234,145773,169765,148181,141646,148701,161077,161106,153164,165928,158867,145878,150961,152498,155879,146304,150754,149311,154872,121728,114866,101619,92352,92685,80269,76913,61743,43354,32722,31777,21169,16875,14779,10321,5038,4460,2036,1431,542,293,113,64,68,53,98,50,50,40
"92","Sparus aurata","Asia",154335.5,131017.079,112559.57,88595.5,72774,69551.684,60872,49473.105,44380.1,37839.78,38361.48,33549.679,33187,37559.9,37353,33339,33677,25301,21544,15551,16948,19438,14271,12631,9595,7480,5300,6357,1217,1033,1026,1152,894,162,112,64,0,12,0,0,0,0,0,0,0,0,0,0,0,0,0,0,0,0,0,0,0,0,0,0,0,0,0,0,0,0,0,0,0,0,0,0
"93","Tegillarca granosa","Asia",69997.904,72752.386,65755.741,64501.73,43429.34,75969.76,76953.22,96424.86,114087.21,111792,111696,155491,150463,129122,133663,116403,119600,144910,140866,159876,150521,110873,144101,130908,69501,92105,127706,104034,101622,90832,89392,59345,62467,61144,64992,69758,69193,86417,62252,68528,95037,142319,87871,77921,72761,56153,43512,65833,57600,45403,59365,62635,44770,46060,51222,45780,36561,37840,33519,19900,15713,17860,14430,14005,17620,14490,12370,12045,12120,11780,9810,9590
"94","Undaria pinnatifida","Asia",618084.92,555309.958,540046,566375,673727,543962,371699,328423,377989,388267,412754,446009,370370,435985,363346,381463,344953,323810,258042,295948,232467,311105,323770,343411,535357,434181,531390,554882,536763,558734,441058,457307,489307,492196,501003,582055,468811,494774,452635,445504,486734,408485,340143,339835,388133,346739,291619,411787,285107,190964,153756,121103,92688,122256,81654,52809,19737,21000,21150,14500,14000,13500,12000,12500,10000,8500,8300,8200,7800,7500,7500,7803
"95","Carassius carassius","Europe",3676.91,2176.15,2227.84,1354.15,1680.3,1306.927,963.25,1378.15,1070.71,1182.94,1258.33,1091.74,830.53,742,709,440,431,797,1667,1629,297,553,488,560,386,539,352,315,434,629,2,5,7,2,5,12,10,10,8,6,1,0,0,0,0,0,0,0,0,0,0,0,0,0,0,0,0,0,0,0,0,0,0,0,0,0,0,0,0,0,0,0
"96","Clarias gariepinus","Europe",6083.418,5777.465,6214.225,5483.779,6589.41,6045.418,5566.563,4737,4506.76,2403.2,2301.903,4147.626,5610,5224,5065,4996,4651,4283,3703,3156,1966,3000,1744,1491,1215,1200,1019,767,900,500,500,500,475,400,300,300,75,20,0,0,0,0,0,0,0,0,0,0,0,0,0,0,0,0,0,0,0,0,0,0,0,0,0,0,0,0,0,0,0,0,0,0
"97","Ctenopharyngodon idellus","Europe",15820.209,15491.651,13045.789,12328.069,11998.735,9422.72,21753.242,22430.86,20533.78,21270.99,19321.594,16776.62,15516.18,13203.14,10748.5,6623.39,5962,3026,2597,1865,2072,2111,2112,1020,1177,1288,2187,2783,3253,3715,2829,3234,3294,3407,2633,1704,2081,9695,4084,3537,3415,3265,3120,2010,1360,1355,1152,1091,1250,1200,1100,1050,1080,750,1210,380,380,360,300,300,300,250,220,220,170,200,150,120,80,100,80,50
"98","Cyprinus carpio","Europe",158292.051,165553.217,168067.125,168684.956,164945.684,164632.017,155699.972,156486.555,161961.33,168099.32,161860.266,168119.27,167402.41,162790.29,156442.48,144388.96,154743,146781,145846,144495,142820,137539,134318,128748,125264,130111,139800,164819,186956,223211,96040,109479,116818,111560,106401,106677,105438,109790,113916,116468,107586,97722,92581,99148,108993,103200,100352,101145,91361,91673,76980,74057,76275,71405,69789,65354,60532,60650,54605,51946,54254,48515,44532,39371,41014,32634,31641,29341,31133,26180,22000,19050
"99","Dicentrarchus labrax","Europe",96527.252,82860.226,84447.335,83368.802,77731.269,80766.223,68896.463,61825.948,63103.499,63279.468,67870.843,64257.1,58227.54,59983.13,59977,57757,50709,43679,48162,40759,42600,41870,38215,30168,24079,19325,17148,12915,12181,8309,4827,3495,1879,1336,1100,913,561,355,300,230,165,130,94,70,50,40,30,20,10,0,0,0,0,0,0,0,0,0,0,0,0,0,0,0,0,0,0,0,0,0,0,0
"100","Gracilaria gracilis","Europe",0,0,0.128,0.62,0.035,0.032,0,0,0,0,0,0,0,0,0,0,0,0,0,0,0,3000,3000,3000,5000,5000,5000,5000,5000,5000,5000,5000,0,0,0,0,0,0,0,0,0,0,0,0,0,0,0,0,0,0,0,0,0,0,0,0,0,0,0,0,0,0,0,0,0,0,0,0,0,0,0,0
"101","Hypophthalmichthys molitrix","Europe",46561.961,46392.4,47788.781,47343.358,48494.442,48683.95,34511.444,43909.26,32396.31,35108.02,24590.907,24119.965,29522,32868.72,33898.75,35226.13,43841,46395,46883,44957,46483,37923,34731,31620,28729,28533,34092,32177,52064,53946,12613,14531,15219,16264,13434,13912,13502,8751,9607,11304,8839,7571,6562,6065,5562,5026,4805,4563,4393,4520,3805,3905,4062,3960,3700,3500,3300,2500,1900,1300,800,500,100,50,0,0,0,0,0,0,0,0
"102","Hypophthalmichthys nobilis","Europe",6107.95,6837.903,8452.035,7694.268,8253.259,6816.208,6725.177,7116.94,6600.11,5177.87,4686.608,4487.47,5589,4913,4049,1907,5263,4568,4821,5653,6151,5894,4275,4767,4694,5430,6776,7458,9044,9498,5954,6289,11712,8900,7130,8623,4482,2542,3755,4014,4290,3220,2682,2509,2399,2262,2225,2184,2168,2208,1905,1952,2032,1980,1850,1750,1650,1250,950,650,400,250,50,20,0,0,0,0,0,0,0,0
"103","Magallana gigas","Europe",101684.616,95968.786,101947.365,107239.5,99264.238,89914.532,78247.283,86585.571,87456.8,89541.6,88800.984,89663.5,113925.66,113139.2,122446,120941,127742,126626,122006,120982,115049,140582,145545,144020,153174,156145,149139,150460,147986,136047,132013,143796,130833,134488,134514,145486,141428,111537,107507,94599,89554,104449,100136,91402,104309,85272,84777,69775,62503,57902,20601,41551,43900,48800,56350,50400,54050,52420,60400,64800,57800,65900,69700,68500,84500,82500,85500,63000,1e+05,76500,89900,78500
"104","Megalobrama amblycephala","Europe",0,0,0,0,0,0,0,0,0,0,0,0,0,0,0,0,0,0,0,0,0,0,0,0,0,0,0,0,0,0,0,1,1,0,0,0,0,0,0,0,0,0,0,0,0,0,0,0,0,0,0,0,0,0,0,0,0,0,0,0,0,0,0,0,0,0,0,0,0,0,0,0
"105","Micropterus salmoides","Europe",106.8,124.348,129.36,109.21,60,60.055,60.1,60.14,77.13,76.06,57.1,81,85,79.5,35,35,0,0,0,0,9,9,9,9,100,100,0,0,0,0,0,0,0,0,0,0,0,0,0,0,0,0,0,0,0,0,0,0,0,0,0,0,0,0,0,0,0,0,0,0,0,0,0,0,0,0,0,0,0,0,0,0
"106","Mizuhopecten yessoensis","Europe",17658,16259,11531,3840,5463,3745,2000,2400,1311,504,725,854,843,85,99,479,448,431,334,41,162,197,0,350,600,26,113,1001,155,150,0,0,0,0,0,0,0,0,0,0,0,0,0,0,0,0,0,0,0,0,0,0,0,0,0,0,0,0,0,0,0,0,0,0,0,0,0,0,0,0,0,0
"107","Mugil cephalus","Europe",385.8,307.576,250.9,341,897.5,1012.8,933,947.32,373.2,595.42,700.5,795.5,735.5,831.1,1055,709,433,542,3367,503,3470,3526,3404,3451,3353,3580,3443,2900,2892,2942,2880,3000,2500,2685,2900,3200,3200,3200,2900,2800,2600,2500,2300,2200,2100,1940,1820,1700,1590,1480,1370,1270,1170,1070,980,900,820,740,670,600,540,480,420,370,320,280,240,200,170,146,120,105
"108","Mylopharyngodon piceus","Europe",0.47,5.12,0.5,1.52,2.5,6,17.083,1.4,2.29,4,0.08,0.038,0.949,0,0,1,24,6,0,0,0,0,0,10,0,0,0,0,0,0,0,0,0,0,0,0,0,0,0,0,0,0,0,0,0,0,0,0,0,0,0,0,0,0,0,0,0,0,0,0,0,0,0,0,0,0,0,0,0,0,0,0
"109","Mytilus edulis","Europe",131751,126752.916,140435.053,127673.169,129793.568,152097.49,144539.43,142326.1,145080.042,151899.9,162501.46,171930,176058,168617.5,178902,154814,200134,208315,195438,162508,165605,189890,217553,224014,199072,207338,165458,177854,164252,168501,146783,187388,175974,168800,196365,181425,198120,184747,215179,221057,199990,159457,160298,178369,170657,136400,181226,145829,152400,164100,136900,131800,149200,162000,126400,133300,149400,146100,122700,124300,117200,109400,98600,91700,78700,62400,68500,73700,69600,63200,59100,48200
"110","Mytilus galloprovincialis","Europe",86233.19,79039.263,88012.532,94014.162,95392.946,100572.94,97958.147,97350.031,102381.63,100157.213,112567.37,101985.56,119061.62,107385.8,102491,111929,107123,87518,145876,129663,141129,127071,125583,116494,105193,103502,111468,104180,112429,105525,113031,108097,100137,94950,74936,75167,72668,65956,61881,57908,56214,52818,49422,46098,44024,42339,36862,30419,25823,24881,28100,15954,8190,7270,13550,4930,9710,8700,8880,6570,6360,4840,3830,970,1760,1220,1300,1000,900,900,2400,2200
"111","Oncorhynchus kisutch","Europe",0,0,0,0,36,0,0,0,0,0,0,0,0,0,0,0,0,0,0,0,0,0,0,0,0,0,0,0,0,0,17,80,85,85,80,80,70,0,0,0,0,0,0,0,0,0,0,0,0,0,0,0,0,0,0,0,0,0,0,0,0,0,0,0,0,0,0,0,0,0,0,0
"112","Oncorhynchus mykiss","Europe",364929.575,353835.658,335112.295,293792.676,306729.888,321226.254,280739.31,278636.154,285135.008,284719.02,267302.527,279879.45,304013.4,320713.41,313294.6,288189.32,282380,296748,313403,326126,327920,293609,293627,297737,286184,272445,260378,250212,234208,228956,216452,211088,198094,191028,173111,156208,148683,140619,135950,128313,115989,102665,94606,84718,74560,71087,70165,64390,57555,56107,49305,43704,41320,42027,35530,33075,31152,24972,21082,18698,17169,14545,12898,10224,9111,9050,7721,5660,5110,4770,4270,3846
"113","Oreochromis niloticus","Europe",0.12,0.263,3.23,118.385,161.751,220.22,576.064,1057.384,391.1,362,346,295,525,873,1074,1320,407,355,0,0,0,0,0,0,0,0,0,0,0,0,0,2,0,0,0,0,0,0,0,0,0,0,0,0,0,0,0,0,0,0,0,0,0,0,0,0,0,0,0,0,0,0,0,0,0,0,0,0,0,0,0,0
"114","Pangasianodon hypophthalmus","Europe",0,0,1,0,0,0,0,0,0,0,0,0,0,0,0,0,0,0,0,0,0,0,0,0,0,0,0,0,0,0,0,0,0,0,0,0,0,0,0,0,0,0,0,0,0,0,0,0,0,0,0,0,0,0,0,0,0,0,0,0,0,0,0,0,0,0,0,0,0,0,0,0
"115","Penaeus monodon","Europe",34.745,33.036,1.059,0,0,0,0,0,0,0,0,0,0,0,0,0,0,0,0,0,0,0,0,0,0,0,0,1,1,1,2,2,1,0,0,0,0,0,0,0,0,0,0,0,0,0,0,0,0,0,0,0,0,0,0,0,0,0,0,0,0,0,0,0,0,0,0,0,0,0,0,0
"116","Penaeus vannamei","Europe",172.345,108,60.5,16,8.3,9.5,5.95,3.5,1,0.5,0,0,0,2,0,0,0,0,0,0,0,0,0,0,0,0,0,0,0,0,0,0,0,0,0,0,0,0,0,0,0,0,0,0,0,0,0,0,0,0,0,0,0,0,0,0,0,0,0,0,0,0,0,0,0,0,0,0,0,0,0,0
"117","Procambarus clarkii","Europe",3000,3000,3000,3000,3010,3010,3008,3007.27,3007,3005,3033,3009.2,3000,3000,3000,3000,3000,3000,3000,2300,2500,2200,2000,2000,2000,2000,2000,4000,2200,2500,2213,2500,2690,2689,3100,0,0,0,0,0,0,0,0,0,0,0,0,0,0,0,0,0,0,0,0,0,0,0,0,0,0,0,0,0,0,0,0,0,0,0,0,0
"118","Ruditapes philippinarum","Europe",25253.035,26095.032,21653.212,33275.27,35545.892,35592.666,34831.431,35036.216,23753.08,19533.7,32748.173,38019.5,34010.822,30211.88,63845,58286,68006,29626,26484,42895,57420,56365,51976,49894,40376,40531,60120,40131,24135,26867,27216,16816,7116,1934,285,30,1,0,0,0,0,0,0,0,0,0,0,0,0,0,0,0,0,0,0,0,0,0,0,0,0,0,0,0,0,0,0,0,0,0,0,0
"119","Salmo salar","Europe",1957326.01,1727578.84,1733567.644,1562926.2,1555507.39,1517319.362,1582885.585,1555851.3,1442027.9,1495322.9,1305425,1160890.2,1074104.7,915865,908959,792957,756940,784537,728593,678353,647033,622995,613331,509949,472811,416047,355991,297169,237526,192130,226627,201292,155913,105853,65542,58279,38448,26763,20570,13122,10032,5261,4956,3956,2277,1651,1258,974,572,359,314,294,27,15,8,4,2,1,0,0,0,0,0,0,0,0,0,0,0,0,0,0
"120","Sparus aurata","Europe",101874.778,94753.705,91115.733,89649.601,92936.366,80654.925,81346.468,85518.869,91134.39,85027.13,77526.907,90895.7,95686.84,86377.96,84879,72523,71360,63793,71287,59517,63367,58163,49601,37626,29139,23304,17354,12662,10457,7539,4522,3198,1827,1429,836,691,559,364,333,258,208,257,162,140,110,90,80,60,40,20,10,10,0,0,0,0,0,0,0,0,0,0,0,0,0,0,0,0,0,0,0,0
"121","Undaria pinnatifida","Europe",70,69.749,104.93,67.8,0.093,0,0,0,0,0,0,0,0,54,27.9,27,25,25,25,25,20,20,20,50,54,54,100,87,70,52,53,6,43,10,6,0,6,0,0,0,0,0,0,0,0,0,0,0,0,0,0,0,0,0,0,0,0,0,0,0,0,0,0,0,0,0,0,0,0,0,0,0
"122","Chanos chanos","Oceania",43.5,48.5,49.8,50.1,48.9,49.8,55.8,55.8,64.3,81.2,56.2,66,67.16,69.64,50,53.8,53,50,74,28,37.4,28,13,4,7,9,15,30,50,40,40,35,35,30,25,30,15,13,0,0,0,0,0,0,0,0,0,0,0,0,0,0,0,0,0,0,0,0,0,0,0,0,0,0,0,0,0,0,0,0,0,0
"123","Ctenopharyngodon idellus","Oceania",0,0,0,0,0,0,0,0,0,0,0,0,0,0,0,0,0,0,0,0,6,3,2,0,0,0,0,0,0,0,0,0,0,0,0,0,0,1,0,0,0,0,0,0,0,0,0,0,0,0,0,0,0,0,0,0,0,0,0,0,0,0,0,0,0,0,0,0,0,0,0,0
"124","Cyprinus carpio","Oceania",350,350,350,350,350,380,415,450,450,450,450,500,500,450,400,350,300,300,250,250,200,200,150,100,50,30,16,10,10,7,7,5,5,5,0,0,1,1,1,2,0,0,0,0,0,0,0,0,0,0,0,0,0,0,0,0,0,0,0,0,0,0,0,0,0,0,0,0,0,0,0,0
"125","Gracilaria gracilis","Oceania",0,0.08,0,0,0,0,0,0,0,0,0,0,0,0,0,0,0,0,0,0,0,0,0,0,0,0,0,0,0,0,0,0,0,0,0,0,0,0,0,0,0,0,0,0,0,0,0,0,0,0,0,0,0,0,0,0,0,0,0,0,0,0,0,0,0,0,0,0,0,0,0,0
"126","Hypophthalmichthys molitrix","Oceania",0,0,0,0,0,0,0,0,0,0,0,0,0,0,0,0,0,0,0,0,2,2,1,0,0,0,0,0,0,0,0,0,0,0,0,0,0,0,0,0,0,0,0,0,0,0,0,0,0,0,0,0,0,0,0,0,0,0,0,0,0,0,0,0,0,0,0,0,0,0,0,0
"127","Hypophthalmichthys nobilis","Oceania",0,0,0,0,0,0,0,0,0,0,0,0,0,0,0,0,0,0,0,0,1,3,1,0,0,0,0,0,0,0,0,0,0,0,0,0,0,0,0,0,0,0,0,0,0,0,0,0,0,0,0,0,0,0,0,0,0,0,0,0,0,0,0,0,0,0,0,0,0,0,0,0
"128","Kappaphycus alvarezii","Oceania",16755.74,9800.2,9900,9820,9080,14580,16200,15162.4,14312,8390.4,7467.6,7204,4028.8,1159.2,865.6,1353.6,2688.8,1741.2,450,56,50,50,0,0,0,0,0,0,0,0,0,0,0,0,0,0,0,0,0,0,0,0,0,0,0,0,0,0,0,0,0,0,0,0,0,0,0,0,0,0,0,0,0,0,0,0,0,0,0,0,0,0
"129","Lates calcarifer","Oceania",7814.738,3427.408,3364.671,5668.433,4113.95,3542.113,3771.6,3441.83,3561.55,4473.3,4352.47,3637.974,2976,3371.8,2633,2254,1781,1518,1759,1168,913,831,778,685,489,606,261,314,224,104,50,18,11,17,0,0,0,0,0,0,0,0,0,0,0,0,0,0,0,0,0,0,0,0,0,0,0,0,0,0,0,0,0,0,0,0,0,0,0,0,0,0
"130","Macrobrachium rosenbergii","Oceania",40,45.03,40,35.09,30.055,25.17,22.029,1.038,18.03,10.03,19,17,20.5,25,24,2,5,5,11,10,6,6,2,22,44,97,97,95,93,17,19,19,22,21,18,13,14,43,8,16,7,7,4,3,3,2,0,0,0,0,0,0,0,0,0,0,0,0,0,0,0,0,0,0,0,0,0,0,0,0,0,0
"131","Magallana gigas","Oceania",4998.21,4246.654,4875.25,4968,4838.251,4975.452,5274.68,4915.29,4818.03,5137,5715.93,6351.001,6456.9,11418.1,5734,5471,5621,5992,6125,6585,8198,8224,20687,16879,12434,8395,6981,5107,4604,4707,5203,3881,3226,3537,1385,1375,814,1614,2470,1883,1800,1750,1705,1183,811,434,483,405,300,400,700,400,300,200,200,200,200,200,200,200,200,200,400,300,400,400,400,400,400,400,300,400
"132","Mugil cephalus","Oceania",0,0,0,0,0,0,0,0,0,0,0,0,0,0,0,0,0,0,0,0,0,0,0,0,0,0,0,0,0,0,0,0,0,1,1,0,0,0,0,0,0,0,0,0,0,0,0,0,0,0,0,0,0,0,0,0,0,0,0,0,0,0,0,0,0,0,0,0,0,0,0,0
"133","Oncorhynchus mykiss","Oceania",159,157.59,154,154.147,158.318,78.459,75.66,62.71,64.27,64.2,71.03,57.53,61.7,63.3,89,289,324,70,48,1894,1958,1897,1652,2115,2090,1902,1747,1756,1983,2182,1713,1937,2120,2335,1227,570,974,951,978,870,758,643,524,400,273,141,4,0,0,0,0,0,0,0,0,0,0,0,0,0,0,0,0,0,0,0,0,0,0,0,0,0
"134","Oreochromis niloticus","Oceania",1498,1502.3,1459.18,1428.683,1405.798,1404.3,1372.302,1265.562,1425.729,1412.6,1403,1367.5,1139.7,913,564,720,243,193,158,408,255,309,302,248,251,127,79,77,77,78,26,15,11,4,1,3,3,1,0,0,0,0,0,0,0,0,0,0,0,0,0,0,0,0,0,0,0,0,0,0,0,0,0,0,0,0,0,0,0,0,0,0
"135","Pangasianodon hypophthalmus","Oceania",0,0,0,0,0,0,0,1,1,0,0,0,0,0,0,0,0,0,0,0,0,0,0,0,0,0,0,0,0,0,0,0,0,0,0,0,0,0,0,0,0,0,0,0,0,0,0,0,0,0,0,0,0,0,0,0,0,0,0,0,0,0,0,0,0,0,0,0,0,0,0,0
"136","Penaeus monodon","Oceania",8.1,8.3,5,5,5,3,13,11,11,11,12,10.5,18,24,14,267,306,12,1,3406,2614,2565,2371,1326,1351,1445,1643,1516,1117,916,819,589,470,209,33,28,4,3,0,0,0,0,0,0,0,0,0,0,0,0,0,0,0,0,0,0,0,0,0,0,0,0,0,0,0,0,0,0,0,0,0,0
"137","Penaeus vannamei","Oceania",30,34.2,45,43,43,44.157,41.004,33,30,48,45,56.05,27,22,17,12,10,10,10,0,0,0,0,0,0,0,0,0,0,0,0,0,0,0,0,0,0,0,0,0,0,0,0,0,0,0,0,0,0,0,0,0,0,0,0,0,0,0,0,0,0,0,0,0,0,0,0,0,0,0,0,0
"138","Perna canaliculus","Oceania",98016,101657,98447,86176,99716,94037,76811,97438,83561,86447,101311,95168,89850,100100,99500,97000,95000,85000,78000,78000,64000,76000,71000,75000,65500,65000,62519,45010,47000,46500,43600,24000,24015,24598,17683,15636,10860,9800,7550,4850,1348,1570,1128,705,652,2249,1598,2138,2400,2500,1200,1000,1000,1600,1600,2100,2200,1700,1700,2400,800,2600,2400,2600,1900,2100,1200,1200,900,900,800,600
"139","Salmo salar","Oceania",84045.234,66918.495,56989.34,61227,52580.2,56115.197,48330.56,41590.66,42825.01,43982,36662.04,31806.79,29893,25736.9,25336,20710,16780,16476,15208,14356,12724,10907,9195,7069,7648,7647,6192,4000,3500,3300,2650,1750,1750,240,53,10,0,0,0,0,0,0,0,0,0,0,0,0,0,0,0,0,0,0,0,0,0,0,0,0,0,0,0,0,0,0,0,0,0,0,0,0
"140","Scylla serrata","Oceania",11,11,10.3,10.3,10.3,11,11,11,4,4,0,18,0,0,0,0,0,0,0,0,0,0,0,44,44,0,0,0,0,1,0,0,0,0,0,0,0,0,0,0,0,0,0,0,0,0,0,0,0,0,0,0,0,0,0,0,0,0,0,0,0,0,0,0,0,0,0,0,0,0,0,0
"141","Ctenopharyngodon idellus","China",5755095,5571083,5533083,5504301,5345641,5286580,5151789,4877560,4609083,4354915,4198320,4073044,4015245,3707146,3555963,3359084,3328994,3193026,3017191,2957799,2870893,2755878,2694757,2518648,2451801,2407908,2070988,1789591,1464945,1231845,1045962,1023199,934537,584600,522600,442700,356900,271700,214200,181100,152100,135200,122000,114322,115227,111088,112886,106567,98800,93155,92982,87291,82003,72859,75014,78709,77157,60028,54000,47225,52369,74936,89434,83067,84709,50829,47852,41688,27296,20397,17577,9893
"142","Cyprinus carpio","China",2831763,2896669,2885284,2962218,3004345,2998937,3047709,2877868,2747745,2638394,2568992,2448779,2422363,2350691,2228585,2134276,2135832,2043358,1958663,1933726,1901744,1847133,1804591,1729603,1640470,1591508,1398618,1127596,891624,706119,594476,522369,460532,584600,522600,354200,237900,181100,85700,72400,60800,54100,48800,45740,46101,44446,45165,42637,39529,37271,37201,34925,32809,29150,30013,31491,30870,24017,21600,18894,20953,29982,35782,33234,33892,20336,19145,16679,10921,8161,7032,3958
"143","Eriocheir sinensis","China",808274,775887,778682,756877,750945,748725,747195,722576,663517,650619,613596,572337,564911,518357,489469,439604,378360,358906,317941,294045,248126,202489,151303,110561,93756,62631,41515,31227,17641,9509,8433,4833,3305,0,0,0,0,0,0,0,0,0,0,0,0,0,0,0,0,0,0,0,0,0,0,0,0,0,0,0,0,0,0,0,0,0,0,0,0,0,0,0
"144","Gracilaria gracilis","China",3989200,3689670,3480850,3303440,3086740,2865830,2587608,2506227,2355564,1885647,1442737,1113336,1239049,1144460,994510,888840,862142,777723,442416,0,0,0,0,0,0,0,0,0,0,0,0,0,0,0,0,0,0,0,0,0,0,0,0,0,0,0,0,0,0,0,0,0,0,0,0,0,0,0,0,0,0,0,0,0,0,0,0,0,0,0,0,0
"145","Hypophthalmichthys molitrix","China",3836589,3812899,3810286,3858864,3852813,3918236,3952299,3833618,3500824,3358606,3510021,3480086,3427862,3193270,3075578,3147172,3042164,2993036,2921666,2942521,2840520,2812789,2798409,2810677,2859851,2800383,2473333,2139415,1806592,1540704,1360969,1398680,1336050,1481000,1324000,1180600,999300,760700,642700,543200,456300,405700,366000,343020,345734,333316,338709,319751,296447,279509,278988,261913,246048,218611,225079,236163,231507,180112,162000,141697,157133,224844,268344,249239,254167,152511,143578,125084,81901,61201,52738,29683
"146","Hypophthalmichthys nobilis","China",3177030,3130301,3101637,3096426,3097952,3114939,3049050,2905495,2741278,2596920,2521810,2460736,2395023,2290228,2135371,2040415,1883268,1795457,1646568,1471261,1420260,1406394,1399204,1405338,1429925,1400192,1236667,1053742,901942,770352,680434,658208,628730,701500,627100,590300,475800,362200,285600,241400,202800,180300,162700,152430,153635,148117,150514,142089,131734,124207,123975,116388,109337,97145,100019,104945,102876,80038,72000,62966,69826,99915,119245,110755,112946,67772,63803,55584,36395,27196,23435,13190
"147","Laminaria japonica","China",11778475,11164633.48,10978362,10292350,10049720.2,9687668.12,9332389,8793275,6584827,6341851,5852175,5796728,5532431,5392797,5242184,5151066,5101949,4738437,4845486,4985830,4736848,4952921,5384537,4856147,4983385,5028399,4356455,4285171,4068351,3340312,2411022,1651509,1844892,1462965,1209364,1375234,1715952,1694468,1563561,1480156,1483942,1709651,1623326,1699545,1502146,1016880,1081201,978219,904082,1073082,905570,716290,811200,676000,676000,676000,540800,540800,405600,338000,338000,338000,196959,50728,17550,4537,4282,2067,930,443,0,0
"148","Larimichthys croceus","China",254224,254062,225549,197980,177640,159529,142351,122254,100717,91148,76457,83274,65259,65977,61844,62507,60916,58931,51375,0,0,0,0,0,0,0,0,0,0,0,0,0,0,0,0,0,0,0,0,0,0,0,0,0,0,0,0,0,0,0,0,0,0,0,0,0,0,0,0,0,0,0,0,0,0,0,0,0,0,0,0,0
"149","Lateolabrax japonicus","China",199106,195246,180173,166581,156595,137901,117376,108765,122592,120584,117208,102822,100794,95747,100574,90154,76969,70543,68588,0,0,0,0,0,0,0,0,0,0,0,0,0,0,0,0,0,0,0,0,0,0,0,0,0,0,0,0,0,0,0,0,0,0,0,0,0,0,0,0,0,0,0,0,0,0,0,0,0,0,0,0,0
"150","Macrobrachium nipponense","China",224413,228765,225321,234358,240739,238413,240571,233719,228319,216239,217607,217674,206001,205010,192397,193211,177312,183961,169131,86496,86710,87139,0,0,0,0,0,0,0,0,0,0,0,0,0,0,0,0,0,0,0,0,0,0,0,0,0,0,0,0,0,0,0,0,0,0,0,0,0,0,0,0,0,0,0,0,0,0,0,0,0,0
"151","Macrobrachium rosenbergii","China",171263,161888,139609,133266,137360,126591,117492,115393,106730,113582,116184,120780,142121,127788,124520,104005,85541,84965,75376,98383,111282,84891,69565,55502,39912,37363,0,0,0,0,0,0,0,0,0,0,0,0,0,0,0,0,0,0,0,0,0,0,0,0,0,0,0,0,0,0,0,0,0,0,0,0,0,0,0,0,0,0,0,0,0,0
"152","Megalobrama amblycephala","China",764303,781737,762858,783534,833393,858354,723208,710318,664517,642824,640670,629175,615628,599623,576341,529167,477216,446238,453476,487910,469201,445915,418709,403055,405065,379148,335934,281625,218921,181516,153309,161615,144358,194900,174200,147600,119000,90600,71400,60400,50700,45100,40700,38107,38409,37029,37629,35522,32933,31052,30994,29097,27334,24286,25005,26236,25719,20009,18000,15742,17456,24979,29811,27689,28236,16943,15951,13896,9099,6799,5859,3298
"153","Micropterus salmoides","China",702093,619519,477808,432058,456888,347259,320459,319110,308944,221490,196896,179372,171638,166601,157487,143323,139108,118163,109173,0,0,0,0,0,0,0,0,0,0,0,0,0,0,0,0,0,0,0,0,0,0,0,0,0,0,0,0,0,0,0,0,0,0,0,0,0,0,0,0,0,0,0,0,0,0,0,0,0,0,0,0,0
"154","Mylopharyngodon piceus","China",716561,694532,679582,691296,684502,679779,541026,505579,477730,450736,442056,409140,381329,359804,331262,306280,279938,255214,232809,194208,164548,147692,152519,136940,128082,118872,102574,102838,65638,51807,35682,37469,38545,117100,104600,61100,47600,36200,43000,36200,30700,27100,24400,22950,23131,22301,22661,21393,19834,18701,18666,17523,16462,14626,15059,15801,15489,12050,10800,9480,10513,15043,17954,16675,17005,10204,9606,8369,5480,4095,3528,1986
"155","Oncorhynchus mykiss","China",35814,37841,39373,38606,41460,35198,24828,25528,26356,23589,18575,15818,16091,16776,14412,13198,12521,10247,8818,0,0,0,0,0,0,0,0,0,0,0,0,0,0,0,0,0,0,0,0,0,0,0,0,0,0,0,0,0,0,0,0,0,0,0,0,0,0,0,0,0,0,0,0,0,0,0,0,0,0,0,0,0
"156","Oreochromis niloticus","China",1246637,1241410,1231162,1218547,1188480,1170145,1211270,1155577,1130228,1060546,1021434,963639,928151,832698,850211,742512,844210,774662,696169,611165,582402,548261,494357,471813,452160,394303,314903,235940,191257,157233,119852,106071,89473,39000,34800,29500,23800,18100,14300,12100,10100,9000,8100,7632,7693,7416,7536,7114,6596,6219,6207,5828,5475,4864,5008,5255,5151,4007,3600,3153,3496,5003,5971,5546,5655,3393,3195,2783,1822,1362,1173,660
"157","Penaeus monodon","China",104665,84529,84066,75356,75227,71894,72492,71554,68920,61860,57850,54961,59515,60899,61617,70165,66243,53004,44723,0,0,0,0,0,0,0,0,0,0,0,0,0,0,0,0,0,0,0,0,0,0,0,0,0,0,0,0,0,0,0,0,0,0,0,0,0,0,0,0,0,0,0,0,0,0,0,0,0,0,0,0,0
"158","Penaeus vannamei","China",1977399,1862937,1815550,1760341,1672287,1628638,1519409,1473007,1338958,1359763,1258159,1183585,1102712,1062765,1065644,918337,702484,638490,526446,175286,87839,0,0,0,0,0,0,0,0,0,0,0,0,0,0,0,0,0,0,0,0,0,0,0,0,0,0,0,0,0,0,0,0,0,0,0,0,0,0,0,0,0,0,0,0,0,0,0,0,0,0,0
"159","Procambarus clarkii","China",2633595,2393699,2089604,1638662,1129708,827107,656388,598411,548659,505301,459619,543382,471590,364619,265479,115405,76166,54436,44570,0,0,0,0,0,0,0,0,0,0,0,0,0,0,0,0,0,0,0,0,0,0,0,0,0,0,0,0,0,0,0,0,0,0,0,0,0,0,0,0,0,0,0,0,0,0,0,0,0,0,0,0,0
"160","Ruditapes philippinarum","China",4289768,4217649,3967387,4080776,4177913,4120650,3840463,3791331,3688255,3579570,3444205,3434382,3155607,3058073,2957346,2726942,2499379,2449007,2229004,2016608,1769450,1426150,1599833,1272214,1178559,1093948,1069275,1106573,913259,576114,328071,233665,185519,134279,113719,88614,67057,45825,31716,19903,14517,13763,11720,12307,11062,5023,2316,842,529,426,296,116,66,37,20,10,5,2,0,0,0,0,0,0,0,0,0,0,0,0,0,0
"161","Sargassum fusiforme","China",310900,265330,270320,232460,199970,183650,181081,167664,145021,107574,106099,75900,78572,87480,136260,114230,85573,115214,75936,0,0,0,0,0,0,0,0,0,0,0,0,0,0,0,0,0,0,0,0,0,0,0,0,0,0,0,0,0,0,0,0,0,0,0,0,0,0,0,0,0,0,0,0,0,0,0,0,0,0,0,0,0
"162","Sciaenops ocellatus","China",63895,77408,70187,68253,68559,67931,68675,66844,56600,62969,61803,50700,48551,50947,49291,46443,40011,38066,39329,0,0,0,0,0,0,0,0,0,0,0,0,0,0,0,0,0,0,0,0,0,0,0,0,0,0,0,0,0,0,0,0,0,0,0,0,0,0,0,0,0,0,0,0,0,0,0,0,0,0,0,0,0
"163","Scylla paramamosain","China",152065,159433,160616,157712,151976,146189,135094,134507,132149,123599,115772,112408,114543,113852,101529,93103,97463,94935,88306,0,0,0,0,0,0,0,0,0,0,0,0,0,0,0,0,0,0,0,0,0,0,0,0,0,0,0,0,0,0,0,0,0,0,0,0,0,0,0,0,0,0,0,0,0,0,0,0,0,0,0,0,0
"164","Sinonovacula constricta","China",859651,860265,869251,852925,862541,799282,760249,751994,689889,690395,709929,693333,675912,742084,667058,610601,624409,591813,588652,556957,524727,487735,426610,375957,331923,342519,306749,252886,222819,198598,165230,140326,138467,140673,133597,126175,125717,110006,88999,73401,64865,62158,58050,50000,47934,32777,28166,24060,22420,24311,20396,16942,12816,9988,7928,6109,5005,3090,2842,2339,2261,2889,1606,897,1247,645,478,337,215,108,66,14
"165","Tegillarca granosa","China",340407,385108,387676,372303,352619,354391,348964,337743,322422,266452,279475,301213,273547,290177,279510,277768,265673,282808,278278,208181,203987,175727,167666,142694,121389,131858,124527,97127,75019,56144,56742,55782,52373,45881,45071,32634,22526,20124,15067,13691,11377,10899,9216,12292,11095,4093,3262,2576,2515,2956,2194,1402,873,594,457,353,246,119,79,50,31,10,3,0,0,0,0,0,0,0,0,0
"166","Trachinotus ovatus","China",243908,160000,155000,150000,137000,115000,110000,110000,112000,112000,112000,80000,66000,36000,35000,30000,0,0,0,0,0,0,0,0,0,0,0,0,0,0,0,0,0,0,0,0,0,0,0,0,0,0,0,0,0,0,0,0,0,0,0,0,0,0,0,0,0,0,0,0,0,0,0,0,0,0,0,0,0,0,0,0
"167","Undaria pinnatifida","China",2122480,2256040,2023930,1755030,1667950,1519530,1843870,1941076,1628150,1678117,1278941,1059097,1308884,1320210,1402270,1646300,2094759,1921466,1511135,0,0,0,0,0,0,0,0,0,0,0,0,0,0,0,0,0,0,0,0,0,0,0,0,0,0,0,0,0,0,0,0,0,0,0,0,0,0,0,0,0,0,0,0,0,0,0,0,0,0,0,0,0
