year,score,group,score_type,dataset
1950,54.8337694360884,All,f,f_1
1951,54.68059025105603,All,f,f_1
1952,54.67819220438044,All,f,f_1
1953,54.60162716662004,All,f,f_1
1954,55.08771287555572,All,f,f_1
1955,55.143995619959775,All,f,f_1
1956,55.136342372992715,All,f,f_1
1957,55.25599736627857,All,f,f_1
1958,55.13210986212416,All,f,f_1
1959,54.89350191077683,All,f,f_1
1960,54.48337351814666,All,f,f_1
1961,54.43799703931408,All,f,f_1
1962,54.229665493150634,All,f,f_1
1963,54.01803310796652,All,f,f_1
1964,53.99221945944617,All,f,f_1
1965,54.13559988585836,All,f,f_1
1966,54.013486164546215,All,f,f_1
1967,53.958492941344026,All,f,f_1
1968,53.89682105724686,All,f,f_1
1969,53.909018871460596,All,f,f_1
1970,54.13680049908459,All,f,f_1
1971,53.99361625317934,All,f,f_1
1972,53.791076388339256,All,f,f_1
1973,53.919564715447606,All,f,f_1
1974,53.948355931882666,All,f,f_1
1975,53.9180601076046,All,f,f_1
1976,53.83201968137987,All,f,f_1
1977,53.65107429265537,All,f,f_1
1978,53.5628515020612,All,f,f_1
1979,53.56616064088785,All,f,f_1
1980,53.543868761640454,All,f,f_1
1981,53.75512518693649,All,f,f_1
1982,53.85606776679168,All,f,f_1
1983,53.902652859983135,All,f,f_1
1984,53.94133678719344,All,f,f_1
1985,54.05566493242337,All,f,f_1
1986,54.24125351570547,All,f,f_1
1987,54.29210864402297,All,f,f_1
1988,54.31230017506051,All,f,f_1
1989,54.07635424329331,All,f,f_1
1990,54.251558910537064,All,f,f_1
1991,54.00921474864617,All,f,f_1
1992,53.91227235123351,All,f,f_1
1993,54.00076436846854,All,f,f_1
1994,54.12695117401725,All,f,f_1
1995,54.15841623959791,All,f,f_1
1996,54.14402963832418,All,f,f_1
1997,54.11596175091127,All,f,f_1
1998,54.15516103424279,All,f,f_1
1999,54.11483985903765,All,f,f_1
2000,54.02092994446964,All,f,f_1
2001,54.164734292318464,All,f,f_1
2002,54.12845639974557,All,f,f_1
2003,53.90618330424535,All,f,f_1
2004,53.73603200288451,All,f,f_1
2005,53.65131351007457,All,f,f_1
2006,53.628099278822745,All,f,f_1
2007,53.513124388605185,All,f,f_1
2008,53.427402469876306,All,f,f_1
2009,53.41175838158166,All,f,f_1
2010,53.40362732479963,All,f,f_1
2011,53.35819275525016,All,f,f_1
2012,53.27883134077805,All,f,f_1
2013,53.32675782676942,All,f,f_1
2014,53.23668738142366,All,f,f_1
2015,53.22959196605096,All,f,f_1
2016,53.17236967539912,All,f,f_1
2017,53.00179111203103,All,f,f_1
2018,52.896979545050094,All,f,f_1
2019,52.75558518723044,All,f,f_1
2020,52.69483958963852,All,f,f_1
2021,52.62297147284091,All,f,f_1
2022,52.59334062121571,All,f,f_1
2023,52.26684462249178,All,f,f_1
1950,58.69625260097482,Finfish,f,f_1
1951,58.322321051815784,Finfish,f,f_1
1952,58.25664785629361,Finfish,f,f_1
1953,58.165869877045026,Finfish,f,f_1
1954,57.914101135257575,Finfish,f,f_1
1955,57.88354920782458,Finfish,f,f_1
1956,57.80993759880245,Finfish,f,f_1
1957,57.539843046256564,Finfish,f,f_1
1958,57.5410479301313,Finfish,f,f_1
1959,57.53539160674294,Finfish,f,f_1
1960,57.63282170526345,Finfish,f,f_1
1961,57.863476558878475,Finfish,f,f_1
1962,57.79974681118053,Finfish,f,f_1
1963,57.668132440449604,Finfish,f,f_1
1964,57.56498340506869,Finfish,f,f_1
1965,57.337017688471995,Finfish,f,f_1
1966,57.329906657098824,Finfish,f,f_1
1967,57.25863724793578,Finfish,f,f_1
1968,57.209620646257505,Finfish,f,f_1
1969,57.114653467534374,Finfish,f,f_1
1970,57.049406399960915,Finfish,f,f_1
1971,56.89253321285346,Finfish,f,f_1
1972,56.78970274400421,Finfish,f,f_1
1973,56.73537345294227,Finfish,f,f_1
1974,56.66491187196268,Finfish,f,f_1
1975,56.67760743527886,Finfish,f,f_1
1976,56.542160979649594,Finfish,f,f_1
1977,56.46991248965598,Finfish,f,f_1
1978,56.33638191170955,Finfish,f,f_1
1979,56.241225494763235,Finfish,f,f_1
1980,56.25228589660467,Finfish,f,f_1
1981,56.42345025291942,Finfish,f,f_1
1982,56.472381263261106,Finfish,f,f_1
1983,56.451964894126874,Finfish,f,f_1
1984,56.4555010416166,Finfish,f,f_1
1985,56.37752465172707,Finfish,f,f_1
1986,56.382629216939634,Finfish,f,f_1
1987,56.301687720835034,Finfish,f,f_1
1988,56.18623702121713,Finfish,f,f_1
1989,55.838120921787635,Finfish,f,f_1
1990,55.83217324132272,Finfish,f,f_1
1991,55.61851529482977,Finfish,f,f_1
1992,55.49690609328706,Finfish,f,f_1
1993,55.459652609284,Finfish,f,f_1
1994,55.41757966362724,Finfish,f,f_1
1995,55.33002389900247,Finfish,f,f_1
1996,55.2564672545406,Finfish,f,f_1
1997,55.0944922209527,Finfish,f,f_1
1998,55.06225822944367,Finfish,f,f_1
1999,54.95323073133558,Finfish,f,f_1
2000,54.819486280318074,Finfish,f,f_1
2001,54.95208424831243,Finfish,f,f_1
2002,54.86816667379937,Finfish,f,f_1
2003,54.80245191654289,Finfish,f,f_1
2004,54.47297167335329,Finfish,f,f_1
2005,54.37415624889459,Finfish,f,f_1
2006,54.29379890380993,Finfish,f,f_1
2007,54.08491847848087,Finfish,f,f_1
2008,53.95176233671322,Finfish,f,f_1
2009,53.962456572035215,Finfish,f,f_1
2010,53.86785570272208,Finfish,f,f_1
2011,53.82761404292982,Finfish,f,f_1
2012,53.68312727005868,Finfish,f,f_1
2013,53.769199332619436,Finfish,f,f_1
2014,53.76291902053878,Finfish,f,f_1
2015,53.77590415407948,Finfish,f,f_1
2016,53.69484440014451,Finfish,f,f_1
2017,53.55283086962552,Finfish,f,f_1
2018,53.58766058135672,Finfish,f,f_1
2019,53.50394768941932,Finfish,f,f_1
2020,53.44632564000578,Finfish,f,f_1
2021,53.38169054597962,Finfish,f,f_1
2022,53.28508289600648,Finfish,f,f_1
2023,53.24184473522034,Finfish,f,f_1
1950,53.912048027698745,Algae,f,f_1
1951,54.1886534539585,Algae,f,f_1
1952,54.6452829152937,Algae,f,f_1
1953,54.50787651956089,Algae,f,f_1
1954,54.50965179835015,Algae,f,f_1
1955,54.592848868661974,Algae,f,f_1
1956,54.662775738710415,Algae,f,f_1
1957,54.57471476333005,Algae,f,f_1
1958,53.50505782834986,Algae,f,f_1
1959,52.6931020641667,Algae,f,f_1
1960,52.54129578731278,Algae,f,f_1
1961,52.81780582658843,Algae,f,f_1
1962,52.86503481016388,Algae,f,f_1
1963,52.67693157921764,Algae,f,f_1
1964,52.354198697878445,Algae,f,f_1
1965,52.47165856182728,Algae,f,f_1
1966,52.257148735941726,Algae,f,f_1
1967,52.32739737053436,Algae,f,f_1
1968,52.25235406550035,Algae,f,f_1
1969,52.187796418196434,Algae,f,f_1
1970,52.54007083990542,Algae,f,f_1
1971,52.43509074111087,Algae,f,f_1
1972,52.24718044879498,Algae,f,f_1
1973,52.44688197364059,Algae,f,f_1
1974,52.4075381573379,Algae,f,f_1
1975,52.328806205048274,Algae,f,f_1
1976,52.33213121544864,Algae,f,f_1
1977,52.21168372326353,Algae,f,f_1
1978,52.282880417056674,Algae,f,f_1
1979,52.29170939707712,Algae,f,f_1
1980,52.305844543590275,Algae,f,f_1
1981,52.28652853515136,Algae,f,f_1
1982,52.22207496480605,Algae,f,f_1
1983,52.32550993503753,Algae,f,f_1
1984,52.353579493663275,Algae,f,f_1
1985,52.29482961330542,Algae,f,f_1
1986,52.363446106331224,Algae,f,f_1
1987,52.28545288431773,Algae,f,f_1
1988,52.39322698242951,Algae,f,f_1
1989,52.31977570668346,Algae,f,f_1
1990,52.35568688824012,Algae,f,f_1
1991,52.30826744189003,Algae,f,f_1
1992,52.1982178269255,Algae,f,f_1
1993,52.19116463269417,Algae,f,f_1
1994,52.30344369614331,Algae,f,f_1
1995,52.26938078670147,Algae,f,f_1
1996,52.241995777980215,Algae,f,f_1
1997,52.23900476298017,Algae,f,f_1
1998,52.305778030116066,Algae,f,f_1
1999,52.27965076205935,Algae,f,f_1
2000,52.28128846258766,Algae,f,f_1
2001,52.34066098310672,Algae,f,f_1
2002,52.385002179727906,Algae,f,f_1
2003,52.244846557576324,Algae,f,f_1
2004,52.30750431108039,Algae,f,f_1
2005,52.30310731269655,Algae,f,f_1
2006,52.38932302813253,Algae,f,f_1
2007,52.448213616794654,Algae,f,f_1
2008,52.467418365584294,Algae,f,f_1
2009,52.5052418180549,Algae,f,f_1
2010,52.541982068064186,Algae,f,f_1
2011,52.57368292700727,Algae,f,f_1
2012,52.575983570860146,Algae,f,f_1
2013,52.598116830574625,Algae,f,f_1
2014,52.48199000690647,Algae,f,f_1
2015,52.47395952509444,Algae,f,f_1
2016,52.49556353354172,Algae,f,f_1
2017,52.482971994250256,Algae,f,f_1
2018,52.44376773401164,Algae,f,f_1
2019,52.48649758479765,Algae,f,f_1
2020,52.489625354143314,Algae,f,f_1
2021,52.493672513617824,Algae,f,f_1
2022,52.67555394477074,Algae,f,f_1
2023,52.55340731546108,Algae,f,f_1
1950,46.28829664512133,Crustacean,f,f_1
1951,46.26614136105676,Crustacean,f,f_1
1952,46.10208991119938,Crustacean,f,f_1
1953,46.18209684289805,Crustacean,f,f_1
1954,46.12582823159349,Crustacean,f,f_1
1955,46.18209684289805,Crustacean,f,f_1
1956,46.15403616578648,Crustacean,f,f_1
1957,46.15207640628773,Crustacean,f,f_1
1958,46.00567142545652,Crustacean,f,f_1
1959,45.9414964592868,Crustacean,f,f_1
1960,45.804752895921816,Crustacean,f,f_1
1961,45.57424967829847,Crustacean,f,f_1
1962,45.324407035727745,Crustacean,f,f_1
1963,45.082562840674846,Crustacean,f,f_1
1964,44.78675046391972,Crustacean,f,f_1
1965,44.50015228163518,Crustacean,f,f_1
1966,44.509968160813045,Crustacean,f,f_1
1967,44.366283713181986,Crustacean,f,f_1
1968,44.46729298499335,Crustacean,f,f_1
1969,45.13531112539846,Crustacean,f,f_1
1970,44.812986369319745,Crustacean,f,f_1
1971,44.496469563961405,Crustacean,f,f_1
1972,44.56725706643092,Crustacean,f,f_1
1973,44.56383832835405,Crustacean,f,f_1
1974,44.93808994176699,Crustacean,f,f_1
1975,45.13216970632046,Crustacean,f,f_1
1976,45.11789561438475,Crustacean,f,f_1
1977,44.72598840843453,Crustacean,f,f_1
1978,45.382824676285445,Crustacean,f,f_1
1979,44.88239656135545,Crustacean,f,f_1
1980,45.22615436938031,Crustacean,f,f_1
1981,44.876890695121624,Crustacean,f,f_1
1982,45.064737366833725,Crustacean,f,f_1
1983,45.6515697468722,Crustacean,f,f_1
1984,46.109062274271544,Crustacean,f,f_1
1985,45.95822254220506,Crustacean,f,f_1
1986,45.91382109845604,Crustacean,f,f_1
1987,46.53623236045173,Crustacean,f,f_1
1988,47.04559625804929,Crustacean,f,f_1
1989,47.060904263210986,Crustacean,f,f_1
1990,47.10411616012028,Crustacean,f,f_1
1991,47.38175347183435,Crustacean,f,f_1
1992,47.45680026422788,Crustacean,f,f_1
1993,47.34603213977724,Crustacean,f,f_1
1994,47.39846348272606,Crustacean,f,f_1
1995,47.39645040951485,Crustacean,f,f_1
1996,47.405813156684914,Crustacean,f,f_1
1997,47.44636976251245,Crustacean,f,f_1
1998,47.523199596765764,Crustacean,f,f_1
1999,47.37002223895244,Crustacean,f,f_1
2000,47.70074043422664,Crustacean,f,f_1
2001,47.80012163427459,Crustacean,f,f_1
2002,48.01314536670571,Crustacean,f,f_1
2003,48.59689213708435,Crustacean,f,f_1
2004,48.77643301083489,Crustacean,f,f_1
2005,48.8800783980468,Crustacean,f,f_1
2006,48.94872468633448,Crustacean,f,f_1
2007,48.556517096921986,Crustacean,f,f_1
2008,48.254599838941516,Crustacean,f,f_1
2009,48.05699042050227,Crustacean,f,f_1
2010,48.052296885194096,Crustacean,f,f_1
2011,48.35733990458669,Crustacean,f,f_1
2012,48.323259261707655,Crustacean,f,f_1
2013,48.22655645168798,Crustacean,f,f_1
2014,48.27221184531628,Crustacean,f,f_1
2015,48.23760150981814,Crustacean,f,f_1
2016,48.08007809095833,Crustacean,f,f_1
2017,47.889792126343046,Crustacean,f,f_1
2018,47.368678434546254,Crustacean,f,f_1
2019,47.052842449444675,Crustacean,f,f_1
2020,46.912759363694924,Crustacean,f,f_1
2021,46.87299491480457,Crustacean,f,f_1
2022,46.83295343407207,Crustacean,f,f_1
2023,46.808718042578,Crustacean,f,f_1
1950,51.183793202756384,Bivalve,f,f_1
1951,51.15943893338631,Bivalve,f,f_1
1952,51.167818392365255,Bivalve,f,f_1
1953,51.05191711261829,Bivalve,f,f_1
1954,51.20832745979127,Bivalve,f,f_1
1955,51.21906672581866,Bivalve,f,f_1
1956,51.1923081403615,Bivalve,f,f_1
1957,51.18516865951971,Bivalve,f,f_1
1958,51.17546411428006,Bivalve,f,f_1
1959,51.264126770300635,Bivalve,f,f_1
1960,51.27727315171808,Bivalve,f,f_1
1961,51.3187028506196,Bivalve,f,f_1
1962,51.29615906584688,Bivalve,f,f_1
1963,51.27976052673001,Bivalve,f,f_1
1964,51.481910227386805,Bivalve,f,f_1
1965,51.46798614366401,Bivalve,f,f_1
1966,51.4854087135744,Bivalve,f,f_1
1967,51.53217161437203,Bivalve,f,f_1
1968,51.56330544026086,Bivalve,f,f_1
1969,51.61670162769521,Bivalve,f,f_1
1970,51.898060774629954,Bivalve,f,f_1
1971,52.05592298325457,Bivalve,f,f_1
1972,52.03988174824215,Bivalve,f,f_1
1973,52.249366048907795,Bivalve,f,f_1
1974,52.744076296170824,Bivalve,f,f_1
1975,52.617144125631675,Bivalve,f,f_1
1976,52.491744049412674,Bivalve,f,f_1
1977,52.78187778874396,Bivalve,f,f_1
1978,52.607263789755294,Bivalve,f,f_1
1979,52.41080625026555,Bivalve,f,f_1
1980,52.31997811256641,Bivalve,f,f_1
1981,52.5343642577318,Bivalve,f,f_1
1982,52.690127240610956,Bivalve,f,f_1
1983,52.74281348965061,Bivalve,f,f_1
1984,52.7350236527476,Bivalve,f,f_1
1985,52.986999255246715,Bivalve,f,f_1
1986,53.373204512873045,Bivalve,f,f_1
1987,53.55077370177533,Bivalve,f,f_1
1988,53.777759846655364,Bivalve,f,f_1
1989,54.136746714995745,Bivalve,f,f_1
1990,54.39757194409117,Bivalve,f,f_1
1991,54.72125349298355,Bivalve,f,f_1
1992,55.3264365636833,Bivalve,f,f_1
1993,55.8624480323565,Bivalve,f,f_1
1994,56.244715506184384,Bivalve,f,f_1
1995,56.140091685614394,Bivalve,f,f_1
1996,56.21558831741461,Bivalve,f,f_1
1997,56.324362207710266,Bivalve,f,f_1
1998,56.31838377463921,Bivalve,f,f_1
1999,56.56443638205133,Bivalve,f,f_1
2000,56.39795080779139,Bivalve,f,f_1
2001,56.72018172819828,Bivalve,f,f_1
2002,56.94306787255622,Bivalve,f,f_1
2003,56.86952535300838,Bivalve,f,f_1
2004,56.94428102590962,Bivalve,f,f_1
2005,56.996024141554855,Bivalve,f,f_1
2006,57.13783004961141,Bivalve,f,f_1
2007,57.21394923882459,Bivalve,f,f_1
2008,57.29447796040024,Bivalve,f,f_1
2009,57.40375007008196,Bivalve,f,f_1
2010,57.45527775008048,Bivalve,f,f_1
2011,57.426012469806324,Bivalve,f,f_1
2012,57.584594750527174,Bivalve,f,f_1
2013,57.6427293051758,Bivalve,f,f_1
2014,57.60233006124228,Bivalve,f,f_1
2015,57.76515783728767,Bivalve,f,f_1
2016,57.79054246215446,Bivalve,f,f_1
2017,57.656301982789884,Bivalve,f,f_1
2018,57.643358424114474,Bivalve,f,f_1
2019,57.53143045755373,Bivalve,f,f_1
2020,57.69988681985604,Bivalve,f,f_1
2021,57.72643982036291,Bivalve,f,f_1
2022,57.76519357379259,Bivalve,f,f_1
2023,54.998259662482305,Bivalve,f,f_1
1950,56.26214544371027,All,f,f_2
1951,56.04751918008959,All,f,f_2
1952,56.00461159300933,All,f,f_2
1953,55.94852401798034,All,f,f_2
1954,56.25797838406153,All,f,f_2
1955,56.282124681927925,All,f,f_2
1956,56.24835923357039,All,f,f_2
1957,56.23489377739005,All,f,f_2
1958,56.14451217508155,All,f,f_2
1959,55.88589079893394,All,f,f_2
1960,55.50564995266566,All,f,f_2
1961,55.46701197287054,All,f,f_2
1962,55.26111629353802,All,f,f_2
1963,55.04302903139031,All,f,f_2
1964,54.973274119782545,All,f,f_2
1965,55.07279902093165,All,f,f_2
1966,54.9321679334678,All,f,f_2
1967,54.85156600330508,All,f,f_2
1968,54.78987412315522,All,f,f_2
1969,54.767548866930134,All,f,f_2
1970,54.93455094267518,All,f,f_2
1971,54.741889587883655,All,f,f_2
1972,54.53669582901049,All,f,f_2
1973,54.62915246995,All,f,f_2
1974,54.60123124458044,All,f,f_2
1975,54.5989435510402,All,f,f_2
1976,54.501575446601606,All,f,f_2
1977,54.26900625593567,All,f,f_2
1978,54.15508742779656,All,f,f_2
1979,54.175875875394986,All,f,f_2
1980,54.15698452051458,All,f,f_2
1981,54.40515917167821,All,f,f_2
1982,54.5205323754202,All,f,f_2
1983,54.54724495954278,All,f,f_2
1984,54.57125734875617,All,f,f_2
1985,54.668571695653206,All,f,f_2
1986,54.82489869125988,All,f,f_2
1987,54.84052349819143,All,f,f_2
1988,54.806774734017985,All,f,f_2
1989,54.50109610482797,All,f,f_2
1990,54.645771224148895,All,f,f_2
1991,54.352159646336894,All,f,f_2
1992,54.21021547977733,All,f,f_2
1993,54.26040578685776,All,f,f_2
1994,54.35197977458758,All,f,f_2
1995,54.38439049120167,All,f,f_2
1996,54.370982499306905,All,f,f_2
1997,54.32028562180783,All,f,f_2
1998,54.336875718066516,All,f,f_2
1999,54.26799213945539,All,f,f_2
2000,54.171275114117854,All,f,f_2
2001,54.297177390301854,All,f,f_2
2002,54.2401711116681,All,f,f_2
2003,54.042998830948015,All,f,f_2
2004,53.826024854367766,All,f,f_2
2005,53.74056768185135,All,f,f_2
2006,53.69436181528827,All,f,f_2
2007,53.56716335273521,All,f,f_2
2008,53.48189702184134,All,f,f_2
2009,53.480883982346164,All,f,f_2
2010,53.46379764756013,All,f,f_2
2011,53.41004825876475,All,f,f_2
2012,53.31983114650538,All,f,f_2
2013,53.38414921225334,All,f,f_2
2014,53.3177171948929,All,f,f_2
2015,53.31910147810484,All,f,f_2
2016,53.25661055272554,All,f,f_2
2017,53.102262349346745,All,f,f_2
2018,53.058522000379085,All,f,f_2
2019,52.94951144686692,All,f,f_2
2020,52.89128520054349,All,f,f_2
2021,52.823871302371366,All,f,f_2
2022,52.78140533488764,All,f,f_2
2023,52.573354347559075,All,f,f_2
1950,58.712532864006974,Finfish,f,f_2
1951,58.34186860316863,Finfish,f,f_2
1952,58.27754276561832,Finfish,f,f_2
1953,58.18780698798275,Finfish,f,f_2
1954,57.937243434761896,Finfish,f,f_2
1955,57.90682830016899,Finfish,f,f_2
1956,57.83292256903452,Finfish,f,f_2
1957,57.56453643888486,Finfish,f,f_2
1958,57.56634424523905,Finfish,f,f_2
1959,57.56057374964705,Finfish,f,f_2
1960,57.65817541678494,Finfish,f,f_2
1961,57.88811752391968,Finfish,f,f_2
1962,57.82823949580507,Finfish,f,f_2
1963,57.69716708770634,Finfish,f,f_2
1964,57.60032048001795,Finfish,f,f_2
1965,57.37498487456207,Finfish,f,f_2
1966,57.3689811452917,Finfish,f,f_2
1967,57.3011180893991,Finfish,f,f_2
1968,57.2609848390675,Finfish,f,f_2
1969,57.16521053356602,Finfish,f,f_2
1970,57.10647680502809,Finfish,f,f_2
1971,56.96046636262557,Finfish,f,f_2
1972,56.86500929358478,Finfish,f,f_2
1973,56.80983255009161,Finfish,f,f_2
1974,56.74236051623668,Finfish,f,f_2
1975,56.75197929728838,Finfish,f,f_2
1976,56.62196674840171,Finfish,f,f_2
1977,56.553786818290746,Finfish,f,f_2
1978,56.42216396081926,Finfish,f,f_2
1979,56.33640994398619,Finfish,f,f_2
1980,56.34003008165772,Finfish,f,f_2
1981,56.50568650895503,Finfish,f,f_2
1982,56.547278709012325,Finfish,f,f_2
1983,56.52515765989933,Finfish,f,f_2
1984,56.51869277262637,Finfish,f,f_2
1985,56.43599251060377,Finfish,f,f_2
1986,56.43713402638109,Finfish,f,f_2
1987,56.356597426840544,Finfish,f,f_2
1988,56.23783542184209,Finfish,f,f_2
1989,55.88662451827852,Finfish,f,f_2
1990,55.88088014237665,Finfish,f,f_2
1991,55.66801672785969,Finfish,f,f_2
1992,55.548444257421124,Finfish,f,f_2
1993,55.50943446977118,Finfish,f,f_2
1994,55.46564548886202,Finfish,f,f_2
1995,55.378984447571405,Finfish,f,f_2
1996,55.30404180151467,Finfish,f,f_2
1997,55.14300434806791,Finfish,f,f_2
1998,55.11200643960441,Finfish,f,f_2
1999,55.00516052408619,Finfish,f,f_2
2000,54.87546286412985,Finfish,f,f_2
2001,55.008043052912804,Finfish,f,f_2
2002,54.927106958991914,Finfish,f,f_2
2003,54.86932859722615,Finfish,f,f_2
2004,54.53735359910751,Finfish,f,f_2
2005,54.441311550660764,Finfish,f,f_2
2006,54.357029856794114,Finfish,f,f_2
2007,54.14856103511949,Finfish,f,f_2
2008,54.01487197729454,Finfish,f,f_2
2009,54.025289475059346,Finfish,f,f_2
2010,53.93399314436341,Finfish,f,f_2
2011,53.89593281912178,Finfish,f,f_2
2012,53.75373569615155,Finfish,f,f_2
2013,53.841098304285445,Finfish,f,f_2
2014,53.836567680801664,Finfish,f,f_2
2015,53.85274683436136,Finfish,f,f_2
2016,53.77203591074338,Finfish,f,f_2
2017,53.63028224843235,Finfish,f,f_2
2018,53.664706390660584,Finfish,f,f_2
2019,53.58087294620785,Finfish,f,f_2
2020,53.51934055070368,Finfish,f,f_2
2021,53.453782897513584,Finfish,f,f_2
2022,53.35505773408523,Finfish,f,f_2
2023,53.310882842813996,Finfish,f,f_2
1950,53.91270593436127,Algae,f,f_2
1951,54.18869701396933,Algae,f,f_2
1952,54.644344607083376,Algae,f,f_2
1953,54.50909229688896,Algae,f,f_2
1954,54.50988702810103,Algae,f,f_2
1955,54.59293553773463,Algae,f,f_2
1956,54.66351434809052,Algae,f,f_2
1957,54.57515047291684,Algae,f,f_2
1958,53.50527605745384,Algae,f,f_2
1959,52.693353320203954,Algae,f,f_2
1960,52.5413139916284,Algae,f,f_2
1961,52.8177907910317,Algae,f,f_2
1962,52.86518166890515,Algae,f,f_2
1963,52.6768395433355,Algae,f,f_2
1964,52.35424135350105,Algae,f,f_2
1965,52.471653292974835,Algae,f,f_2
1966,52.25707045130044,Algae,f,f_2
1967,52.32745686016125,Algae,f,f_2
1968,52.252367190042605,Algae,f,f_2
1969,52.187751011626716,Algae,f,f_2
1970,52.54002067523218,Algae,f,f_2
1971,52.43510146412102,Algae,f,f_2
1972,52.24713960879609,Algae,f,f_2
1973,52.44685843859412,Algae,f,f_2
1974,52.407576449396785,Algae,f,f_2
1975,52.32880701935611,Algae,f,f_2
1976,52.33210257587885,Algae,f,f_2
1977,52.21165868319343,Algae,f,f_2
1978,52.28286894130247,Algae,f,f_2
1979,52.29168523054476,Algae,f,f_2
1980,52.30584781608819,Algae,f,f_2
1981,52.286539057770966,Algae,f,f_2
1982,52.22208801187083,Algae,f,f_2
1983,52.32551686327136,Algae,f,f_2
1984,52.353576083692516,Algae,f,f_2
1985,52.29484724350692,Algae,f,f_2
1986,52.363427946640755,Algae,f,f_2
1987,52.28547429613602,Algae,f,f_2
1988,52.393215127228096,Algae,f,f_2
1989,52.3197748442146,Algae,f,f_2
1990,52.355698577262714,Algae,f,f_2
1991,52.30826552923072,Algae,f,f_2
1992,52.198224299397076,Algae,f,f_2
1993,52.19115712230958,Algae,f,f_2
1994,52.30344244031915,Algae,f,f_2
1995,52.269376058654316,Algae,f,f_2
1996,52.24200258527707,Algae,f,f_2
1997,52.23899982357744,Algae,f,f_2
1998,52.30577875040671,Algae,f,f_2
1999,52.279659842602626,Algae,f,f_2
2000,52.28128124130565,Algae,f,f_2
2001,52.340666033274005,Algae,f,f_2
2002,52.385011295103325,Algae,f,f_2
2003,52.24484127973724,Algae,f,f_2
2004,52.307501557424374,Algae,f,f_2
2005,52.30310459391693,Algae,f,f_2
2006,52.38932050597694,Algae,f,f_2
2007,52.448214692292126,Algae,f,f_2
2008,52.46742194995168,Algae,f,f_2
2009,52.505240076967965,Algae,f,f_2
2010,52.54198223115188,Algae,f,f_2
2011,52.57368361665303,Algae,f,f_2
2012,52.57598649592249,Algae,f,f_2
2013,52.59811786927656,Algae,f,f_2
2014,52.481989141433665,Algae,f,f_2
2015,52.473956708209805,Algae,f,f_2
2016,52.4955653581012,Algae,f,f_2
2017,52.482973112622744,Algae,f,f_2
2018,52.443764775549,Algae,f,f_2
2019,52.48649529576352,Algae,f,f_2
2020,52.489624826387534,Algae,f,f_2
2021,52.49366968939009,Algae,f,f_2
2022,52.67555479281319,Algae,f,f_2
2023,52.55340561039687,Algae,f,f_2
1950,45.93837854748678,Crustacean,f,f_2
1951,46.36328092286901,Crustacean,f,f_2
1952,45.818175716744165,Crustacean,f,f_2
1953,46.25788821805359,Crustacean,f,f_2
1954,46.2232742853649,Crustacean,f,f_2
1955,46.25788821805359,Crustacean,f,f_2
1956,46.37001953710518,Crustacean,f,f_2
1957,46.19007611544285,Crustacean,f,f_2
1958,46.12090359948937,Crustacean,f,f_2
1959,46.18689199806557,Crustacean,f,f_2
1960,45.83582381103872,Crustacean,f,f_2
1961,45.632921802473234,Crustacean,f,f_2
1962,45.33890890433052,Crustacean,f,f_2
1963,45.27698645758427,Crustacean,f,f_2
1964,45.100322908338256,Crustacean,f,f_2
1965,44.893592545754544,Crustacean,f,f_2
1966,45.03917819599606,Crustacean,f,f_2
1967,45.00214575014621,Crustacean,f,f_2
1968,45.32465221373111,Crustacean,f,f_2
1969,46.0139224232452,Crustacean,f,f_2
1970,45.90910632627434,Crustacean,f,f_2
1971,45.6876979447929,Crustacean,f,f_2
1972,45.773761549389626,Crustacean,f,f_2
1973,45.88141576337827,Crustacean,f,f_2
1974,46.13165195829726,Crustacean,f,f_2
1975,46.34272619248154,Crustacean,f,f_2
1976,46.32981077431519,Crustacean,f,f_2
1977,46.166689742823166,Crustacean,f,f_2
1978,46.5523405723652,Crustacean,f,f_2
1979,46.18514414441316,Crustacean,f,f_2
1980,46.589963057409484,Crustacean,f,f_2
1981,46.36401290330747,Crustacean,f,f_2
1982,46.586626945114965,Crustacean,f,f_2
1983,47.011180638063855,Crustacean,f,f_2
1984,47.14384139232404,Crustacean,f,f_2
1985,46.98818378506759,Crustacean,f,f_2
1986,46.961311182789025,Crustacean,f,f_2
1987,47.311671884506545,Crustacean,f,f_2
1988,47.57824688549644,Crustacean,f,f_2
1989,47.51898630019285,Crustacean,f,f_2
1990,47.540469818355646,Crustacean,f,f_2
1991,47.69358391656001,Crustacean,f,f_2
1992,47.7286627454306,Crustacean,f,f_2
1993,47.59337077274285,Crustacean,f,f_2
1994,47.614871868051345,Crustacean,f,f_2
1995,47.645460403389706,Crustacean,f,f_2
1996,47.64739753251184,Crustacean,f,f_2
1997,47.75068444474949,Crustacean,f,f_2
1998,47.79797383900375,Crustacean,f,f_2
1999,47.67389286042021,Crustacean,f,f_2
2000,47.989075473731496,Crustacean,f,f_2
2001,48.12056369148187,Crustacean,f,f_2
2002,48.41709602070694,Crustacean,f,f_2
2003,49.000497624818905,Crustacean,f,f_2
2004,49.18689773426064,Crustacean,f,f_2
2005,49.32165794806436,Crustacean,f,f_2
2006,49.44492072502807,Crustacean,f,f_2
2007,49.259587238267564,Crustacean,f,f_2
2008,49.04811290235518,Crustacean,f,f_2
2009,48.93174255975739,Crustacean,f,f_2
2010,49.03236462847278,Crustacean,f,f_2
2011,49.19307674617384,Crustacean,f,f_2
2012,49.18396085690233,Crustacean,f,f_2
2013,49.12134708237244,Crustacean,f,f_2
2014,49.175019092167545,Crustacean,f,f_2
2015,49.159509638348936,Crustacean,f,f_2
2016,49.07799081272308,Crustacean,f,f_2
2017,48.98969769037307,Crustacean,f,f_2
2018,48.67458590125799,Crustacean,f,f_2
2019,48.49235541193535,Crustacean,f,f_2
2020,48.41498170804145,Crustacean,f,f_2
2021,48.39450184002144,Crustacean,f,f_2
2022,48.376153501976695,Crustacean,f,f_2
2023,48.361474423477176,Crustacean,f,f_2
1950,51.183793202756384,Bivalve,f,f_2
1951,51.15948024485874,Bivalve,f,f_2
1952,51.16791853978101,Bivalve,f,f_2
1953,51.05206420299297,Bivalve,f,f_2
1954,51.20841885019409,Bivalve,f,f_2
1955,51.218865080127976,Bivalve,f,f_2
1956,51.1925674679746,Bivalve,f,f_2
1957,51.185122696652066,Bivalve,f,f_2
1958,51.17534396998117,Bivalve,f,f_2
1959,51.26403904784343,Bivalve,f,f_2
1960,51.2773678604363,Bivalve,f,f_2
1961,51.3185236580947,Bivalve,f,f_2
1962,51.29618814056349,Bivalve,f,f_2
1963,51.27978489084434,Bivalve,f,f_2
1964,51.48195856125198,Bivalve,f,f_2
1965,51.467998602327846,Bivalve,f,f_2
1966,51.48550906765907,Bivalve,f,f_2
1967,51.53214766416125,Bivalve,f,f_2
1968,51.56338307412791,Bivalve,f,f_2
1969,51.61668962032059,Bivalve,f,f_2
1970,51.898206209304924,Bivalve,f,f_2
1971,52.05597042299437,Bivalve,f,f_2
1972,52.03992232593899,Bivalve,f,f_2
1973,52.24946757204508,Bivalve,f,f_2
1974,52.743987366687946,Bivalve,f,f_2
1975,52.61721401897007,Bivalve,f,f_2
1976,52.4917732609901,Bivalve,f,f_2
1977,52.78190069158081,Bivalve,f,f_2
1978,52.60729051488059,Bivalve,f,f_2
1979,52.410892610106714,Bivalve,f,f_2
1980,52.3199197197337,Bivalve,f,f_2
1981,52.534303616668,Bivalve,f,f_2
1982,52.69017648617515,Bivalve,f,f_2
1983,52.74279783306386,Bivalve,f,f_2
1984,52.73500880358372,Bivalve,f,f_2
1985,52.98700745998175,Bivalve,f,f_2
1986,53.37316301353651,Bivalve,f,f_2
1987,53.55074941394777,Bivalve,f,f_2
1988,53.777745769997495,Bivalve,f,f_2
1989,54.13673503024259,Bivalve,f,f_2
1990,54.39757194409116,Bivalve,f,f_2
1991,54.721227553208024,Bivalve,f,f_2
1992,55.32647514218282,Bivalve,f,f_2
1993,55.8624196599014,Bivalve,f,f_2
1994,56.24472764795759,Bivalve,f,f_2
1995,56.1400916856144,Bivalve,f,f_2
1996,56.21558131491354,Bivalve,f,f_2
1997,56.32433444246801,Bivalve,f,f_2
1998,56.31837856391827,Bivalve,f,f_2
1999,56.56444797289872,Bivalve,f,f_2
2000,56.39796951183837,Bivalve,f,f_2
2001,56.72019302455325,Bivalve,f,f_2
2002,56.943060059738926,Bivalve,f,f_2
2003,56.8695399333257,Bivalve,f,f_2
2004,56.94427849910332,Bivalve,f,f_2
2005,56.99602284561928,Bivalve,f,f_2
2006,57.13781482594634,Bivalve,f,f_2
2007,57.213935488730804,Bivalve,f,f_2
2008,57.294486397642274,Bivalve,f,f_2
2009,57.403757959517414,Bivalve,f,f_2
2010,57.455285913949204,Bivalve,f,f_2
2011,57.425995468826876,Bivalve,f,f_2
2012,57.584597942490795,Bivalve,f,f_2
2013,57.642723029951554,Bivalve,f,f_2
2014,57.602334102257046,Bivalve,f,f_2
2015,57.76517153663127,Bivalve,f,f_2
2016,57.79054310057832,Bivalve,f,f_2
2017,57.656296919424065,Bivalve,f,f_2
2018,57.643372851183756,Bivalve,f,f_2
2019,57.53141690848896,Bivalve,f,f_2
2020,57.699878969040824,Bivalve,f,f_2
2021,57.72644128307555,Bivalve,f,f_2
2022,57.7651860801828,Bivalve,f,f_2
2023,54.99825487375101,Bivalve,f,f_2
1950,57.26696222523206,All,f,f_3
1951,57.01788776657836,All,f,f_3
1952,56.94853923330273,All,f,f_3
1953,56.903744479940556,All,f,f_3
1954,56.998229422653516,All,f,f_3
1955,56.99035341235739,All,f,f_3
1956,56.93484770828833,All,f,f_3
1957,56.798414200115175,All,f,f_3
1958,56.71092801276609,All,f,f_3
1959,56.381754964216164,All,f,f_3
1960,56.01088044648158,All,f,f_3
1961,55.98944354523403,All,f,f_3
1962,55.82291310333907,All,f,f_3
1963,55.61555576332164,All,f,f_3
1964,55.47086784294542,All,f,f_3
1965,55.52440610348436,All,f,f_3
1966,55.34127152697981,All,f,f_3
1967,55.25320988867599,All,f,f_3
1968,55.19440369494364,All,f,f_3
1969,55.12416369756097,All,f,f_3
1970,55.259009316602665,All,f,f_3
1971,55.019170902339155,All,f,f_3
1972,54.8157029334685,All,f,f_3
1973,54.896159219373146,All,f,f_3
1974,54.81211060975467,All,f,f_3
1975,54.844042433623265,All,f,f_3
1976,54.74549702980535,All,f,f_3
1977,54.46881959670031,All,f,f_3
1978,54.34977338305434,All,f,f_3
1979,54.382477886213756,All,f,f_3
1980,54.37346926400219,All,f,f_3
1981,54.62864916350931,All,f,f_3
1982,54.74772702102858,All,f,f_3
1983,54.770750935894355,All,f,f_3
1984,54.79102562380255,All,f,f_3
1985,54.87549960257739,All,f,f_3
1986,55.028018978526035,All,f,f_3
1987,55.04789528026044,All,f,f_3
1988,54.99002360012509,All,f,f_3
1989,54.65631683779062,All,f,f_3
1990,54.80152828822205,All,f,f_3
1991,54.489081306418576,All,f,f_3
1992,54.30824502155441,All,f,f_3
1993,54.32537863921247,All,f,f_3
1994,54.40610990661506,All,f,f_3
1995,54.440123836042744,All,f,f_3
1996,54.420795452226436,All,f,f_3
1997,54.35737977236727,All,f,f_3
1998,54.372275626719976,All,f,f_3
1999,54.28486127429822,All,f,f_3
2000,54.201301084067836,All,f,f_3
2001,54.326092087755306,All,f,f_3
2002,54.25072426154265,All,f,f_3
2003,54.0691093709142,All,f,f_3
2004,53.8366567601449,All,f,f_3
2005,53.754068296662716,All,f,f_3
2006,53.70664105833471,All,f,f_3
2007,53.57299079605932,All,f,f_3
2008,53.489285675298746,All,f,f_3
2009,53.49951397522449,All,f,f_3
2010,53.468953341571996,All,f,f_3
2011,53.4228472319924,All,f,f_3
2012,53.32381576969374,All,f,f_3
2013,53.39354123856414,All,f,f_3
2014,53.33315965989748,All,f,f_3
2015,53.33727412568444,All,f,f_3
2016,53.274462241875256,All,f,f_3
2017,53.13739930300576,All,f,f_3
2018,53.122664402714975,All,f,f_3
2019,53.03545528558621,All,f,f_3
2020,52.98026901894606,All,f,f_3
2021,52.92008997470318,All,f,f_3
2022,52.883879512821295,All,f,f_3
2023,52.748277336223396,All,f,f_3
1950,58.71595992809395,Finfish,f,f_3
1951,58.3458464103094,Finfish,f,f_3
1952,58.28106263214936,Finfish,f,f_3
1953,58.190978436412344,Finfish,f,f_3
1954,57.9397333277305,Finfish,f,f_3
1955,57.909084172432536,Finfish,f,f_3
1956,57.83521231854218,Finfish,f,f_3
1957,57.56623631541573,Finfish,f,f_3
1958,57.5680759394588,Finfish,f,f_3
1959,57.5621547599869,Finfish,f,f_3
1960,57.659853011368476,Finfish,f,f_3
1961,57.890044564796305,Finfish,f,f_3
1962,57.829942346726845,Finfish,f,f_3
1963,57.69885480654186,Finfish,f,f_3
1964,57.601431532201325,Finfish,f,f_3
1965,57.375576241251196,Finfish,f,f_3
1966,57.36995849948096,Finfish,f,f_3
1967,57.30198938637912,Finfish,f,f_3
1968,57.26124244743798,Finfish,f,f_3
1969,57.16568740620408,Finfish,f,f_3
1970,57.10631143427448,Finfish,f,f_3
1971,56.95936685012251,Finfish,f,f_3
1972,56.863466369211096,Finfish,f,f_3
1973,56.80872508267224,Finfish,f,f_3
1974,56.74088767018185,Finfish,f,f_3
1975,56.75091826396369,Finfish,f,f_3
1976,56.62114221108515,Finfish,f,f_3
1977,56.55288207071543,Finfish,f,f_3
1978,56.42179292951388,Finfish,f,f_3
1979,56.33563351963827,Finfish,f,f_3
1980,56.342140661259485,Finfish,f,f_3
1981,56.50695401163523,Finfish,f,f_3
1982,56.549914660286824,Finfish,f,f_3
1983,56.52851760702489,Finfish,f,f_3
1984,56.52422764194686,Finfish,f,f_3
1985,56.44349742254519,Finfish,f,f_3
1986,56.444997503574406,Finfish,f,f_3
1987,56.36627869335909,Finfish,f,f_3
1988,56.25072413361757,Finfish,f,f_3
1989,55.90340322027718,Finfish,f,f_3
1990,55.900484979719245,Finfish,f,f_3
1991,55.68967959954551,Finfish,f,f_3
1992,55.57098044690866,Finfish,f,f_3
1993,55.530321471038555,Finfish,f,f_3
1994,55.48688543059953,Finfish,f,f_3
1995,55.398297324894656,Finfish,f,f_3
1996,55.325687059821455,Finfish,f,f_3
1997,55.16576791086428,Finfish,f,f_3
1998,55.135491158922015,Finfish,f,f_3
1999,55.028707132672444,Finfish,f,f_3
2000,54.902459253123325,Finfish,f,f_3
2001,55.03983563669272,Finfish,f,f_3
2002,54.953354834124944,Finfish,f,f_3
2003,54.89458838352524,Finfish,f,f_3
2004,54.5604475296615,Finfish,f,f_3
2005,54.465909523180876,Finfish,f,f_3
2006,54.38224664709854,Finfish,f,f_3
2007,54.17242396661657,Finfish,f,f_3
2008,54.036667269297304,Finfish,f,f_3
2009,54.05231701662134,Finfish,f,f_3
2010,53.9589436997213,Finfish,f,f_3
2011,53.9227084945004,Finfish,f,f_3
2012,53.78080219196785,Finfish,f,f_3
2013,53.86749234001896,Finfish,f,f_3
2014,53.863478570661464,Finfish,f,f_3
2015,53.87832363308468,Finfish,f,f_3
2016,53.79652113940388,Finfish,f,f_3
2017,53.65792446471851,Finfish,f,f_3
2018,53.691557428624805,Finfish,f,f_3
2019,53.6099770033429,Finfish,f,f_3
2020,53.54755488851515,Finfish,f,f_3
2021,53.48331571369628,Finfish,f,f_3
2022,53.385105546048244,Finfish,f,f_3
2023,53.342047607041096,Finfish,f,f_3
1950,53.9105837124484,Algae,f,f_3
1951,54.18855649805682,Algae,f,f_3
1952,54.64405634682254,Algae,f,f_3
1953,54.50868482462854,Algae,f,f_3
1954,54.509128229741435,Algae,f,f_3
1955,54.59265596106879,Algae,f,f_3
1956,54.663239429115755,Algae,f,f_3
1957,54.57507345790128,Algae,f,f_3
1958,53.50457209899303,Algae,f,f_3
1959,52.69312536603708,Algae,f,f_3
1960,52.54125526807485,Algae,f,f_3
1961,52.817839292858345,Algae,f,f_3
1962,52.86503481016388,Algae,f,f_3
1963,52.67684790641919,Algae,f,f_3
1964,52.354103754967994,Algae,f,f_3
1965,52.47167028927685,Algae,f,f_3
1966,52.257131502755264,Algae,f,f_3
1967,52.32744389379687,Algae,f,f_3
1968,52.25232485283319,Algae,f,f_3
1969,52.187741997925,Algae,f,f_3
1970,52.540033620945145,Algae,f,f_3
1971,52.43506687378142,Algae,f,f_3
1972,52.24716565079851,Algae,f,f_3
1973,52.446831643500516,Algae,f,f_3
1974,52.40754079333751,Algae,f,f_3
1975,52.32880439255672,Algae,f,f_3
1976,52.33210642528157,Algae,f,f_3
1977,52.21167230779135,Algae,f,f_3
1978,52.28290595988252,Algae,f,f_3
1979,52.291701359484904,Algae,f,f_3
1980,52.305837259644775,Algae,f,f_3
1981,52.28650511385196,Algae,f,f_3
1982,52.2220459245885,Algae,f,f_3
1983,52.32549451413655,Algae,f,f_3
1984,52.3535870835998,Algae,f,f_3
1985,52.29483708785944,Algae,f,f_3
1986,52.36343897339628,Algae,f,f_3
1987,52.28545435829336,Algae,f,f_3
1988,52.39321011180869,Algae,f,f_3
1989,52.31977762637231,Algae,f,f_3
1990,52.35570496820126,Algae,f,f_3
1991,52.308271699099954,Algae,f,f_3
1992,52.19823112520629,Algae,f,f_3
1993,52.19115712230958,Algae,f,f_3
1994,52.303446491365044,Algae,f,f_3
1995,52.26939131042241,Algae,f,f_3
1996,52.242001966713005,Algae,f,f_3
1997,52.23899376882697,Algae,f,f_3
1998,52.30577642688857,Algae,f,f_3
1999,52.27965182582402,Algae,f,f_3
2000,52.28128189748748,Algae,f,f_3
2001,52.34064974241529,Algae,f,f_3
2002,52.38500259379032,Algae,f,f_3
2003,52.24484152295561,Algae,f,f_3
2004,52.30749824296158,Algae,f,f_3
2005,52.30311053638104,Algae,f,f_3
2006,52.38931604234441,Algae,f,f_3
2007,52.44821806251491,Algae,f,f_3
2008,52.46741305574069,Algae,f,f_3
2009,52.50524249063156,Algae,f,f_3
2010,52.5419829567923,Algae,f,f_3
2011,52.57368791137111,Algae,f,f_3
2012,52.57598235342675,Algae,f,f_3
2013,52.59811654665101,Algae,f,f_3
2014,52.48199366875466,Algae,f,f_3
2015,52.47395996639795,Algae,f,f_3
2016,52.495566177670185,Algae,f,f_3
2017,52.482968592030694,Algae,f,f_3
2018,52.44376753663794,Algae,f,f_3
2019,52.486500071175904,Algae,f,f_3
2020,52.48962540250868,Algae,f,f_3
2021,52.493674401194475,Algae,f,f_3
2022,52.675553212067,Algae,f,f_3
2023,52.55340943239819,Algae,f,f_3
1950,46.611899448890185,Crustacean,f,f_3
1951,46.66948909112462,Crustacean,f,f_3
1952,46.357466186589896,Crustacean,f,f_3
1953,46.36376776740705,Crustacean,f,f_3
1954,46.35934190797025,Crustacean,f,f_3
1955,46.36376776740705,Crustacean,f,f_3
1956,46.35897450445427,Crustacean,f,f_3
1957,46.21251437400562,Crustacean,f,f_3
1958,46.24498286323421,Crustacean,f,f_3
1959,46.083610214041634,Crustacean,f,f_3
1960,46.007324553930204,Crustacean,f,f_3
1961,46.13431380144903,Crustacean,f,f_3
1962,45.965245427361964,Crustacean,f,f_3
1963,45.550019429653226,Crustacean,f,f_3
1964,45.45648819116434,Crustacean,f,f_3
1965,45.50115261550087,Crustacean,f,f_3
1966,45.56739082797016,Crustacean,f,f_3
1967,45.543895908605684,Crustacean,f,f_3
1968,45.785854904504134,Crustacean,f,f_3
1969,46.280650172647874,Crustacean,f,f_3
1970,46.22523319815756,Crustacean,f,f_3
1971,46.05333127239521,Crustacean,f,f_3
1972,46.14469754253054,Crustacean,f,f_3
1973,46.26363020425592,Crustacean,f,f_3
1974,46.484449886637556,Crustacean,f,f_3
1975,46.664447194658145,Crustacean,f,f_3
1976,46.64872279380005,Crustacean,f,f_3
1977,46.57003066163498,Crustacean,f,f_3
1978,46.85888982483178,Crustacean,f,f_3
1979,46.54078879892664,Crustacean,f,f_3
1980,46.96023003512741,Crustacean,f,f_3
1981,46.77934317014857,Crustacean,f,f_3
1982,47.00746111721579,Crustacean,f,f_3
1983,47.37071113947143,Crustacean,f,f_3
1984,47.40046688129139,Crustacean,f,f_3
1985,47.24564185906951,Crustacean,f,f_3
1986,47.22433034277376,Crustacean,f,f_3
1987,47.49690869414152,Crustacean,f,f_3
1988,47.69967856311377,Crustacean,f,f_3
1989,47.61720942640163,Crustacean,f,f_3
1990,47.63255739186752,Crustacean,f,f_3
1991,47.75338103874137,Crustacean,f,f_3
1992,47.77756545878232,Crustacean,f,f_3
1993,47.63002568171342,Crustacean,f,f_3
1994,47.63657174336967,Crustacean,f,f_3
1995,47.66855245338848,Crustacean,f,f_3
1996,47.654546273487476,Crustacean,f,f_3
1997,47.745077934619346,Crustacean,f,f_3
1998,47.77896597233897,Crustacean,f,f_3
1999,47.64699554478689,Crustacean,f,f_3
2000,47.93170937132738,Crustacean,f,f_3
2001,48.06369108150658,Crustacean,f,f_3
2002,48.35931071891599,Crustacean,f,f_3
2003,48.99039318294509,Crustacean,f,f_3
2004,49.17248278955863,Crustacean,f,f_3
2005,49.31441605677774,Crustacean,f,f_3
2006,49.4434786529959,Crustacean,f,f_3
2007,49.31499738992937,Crustacean,f,f_3
2008,49.13618091765306,Crustacean,f,f_3
2009,49.043183394701096,Crustacean,f,f_3
2010,49.165064336810445,Crustacean,f,f_3
2011,49.28182806401506,Crustacean,f,f_3
2012,49.276264739857545,Crustacean,f,f_3
2013,49.22651034051902,Crustacean,f,f_3
2014,49.27660807741052,Crustacean,f,f_3
2015,49.26842221273029,Crustacean,f,f_3
2016,49.219664644557334,Crustacean,f,f_3
2017,49.176476621069796,Crustacean,f,f_3
2018,48.939981758813914,Crustacean,f,f_3
2019,48.811719598974996,Crustacean,f,f_3
2020,48.76102468137505,Crustacean,f,f_3
2021,48.74785390065007,Crustacean,f,f_3
2022,48.740554535545,Crustacean,f,f_3
2023,48.72793912750997,Crustacean,f,f_3
1950,51.18280761018913,Bivalve,f,f_3
1951,51.15929246597619,Bivalve,f,f_3
1952,51.16746332741372,Bivalve,f,f_3
1953,51.051395617210495,Bivalve,f,f_3
1954,51.20800344190067,Bivalve,f,f_3
1955,51.21915452419927,Bivalve,f,f_3
1956,51.19200166566059,Bivalve,f,f_3
1957,51.184788423734254,Bivalve,f,f_3
1958,51.17589008497636,Bivalve,f,f_3
1959,51.26443778870444,Bivalve,f,f_3
1960,51.27740373504215,Bivalve,f,f_3
1961,51.31885686833524,Bivalve,f,f_3
1962,51.296485497511895,Bivalve,f,f_3
1963,51.279674145056674,Bivalve,f,f_3
1964,51.48209587386408,Bivalve,f,f_3
1965,51.46794197208631,Bivalve,f,f_3
1966,51.48505291588109,Bivalve,f,f_3
1967,51.53190272010202,Bivalve,f,f_3
1968,51.56303019479773,Bivalve,f,f_3
1969,51.616744199341134,Bivalve,f,f_3
1970,51.89790322131855,Bivalve,f,f_3
1971,52.05610519545418,Bivalve,f,f_3
1972,52.03973788237237,Bivalve,f,f_3
1973,52.249577446014825,Bivalve,f,f_3
1974,52.74380771208183,Bivalve,f,f_3
1975,52.61738221225668,Bivalve,f,f_3
1976,52.49164048135471,Bivalve,f,f_3
1977,52.78179658793712,Bivalve,f,f_3
1978,52.60739463900439,Bivalve,f,f_3
1979,52.410732023852624,Bivalve,f,f_3
1980,52.31998217196604,Bivalve,f,f_3
1981,52.534181109895485,Bivalve,f,f_3
1982,52.690146640367665,Bivalve,f,f_3
1983,52.74286899944218,Bivalve,f,f_3
1984,52.734900809916084,Bivalve,f,f_3
1985,52.98713177445968,Bivalve,f,f_3
1986,53.373198382285175,Bivalve,f,f_3
1987,53.55085981334144,Bivalve,f,f_3
1988,53.777809754865316,Bivalve,f,f_3
1989,54.1367881427976,Bivalve,f,f_3
1990,54.39743546018408,Bivalve,f,f_3
1991,54.721345461476815,Bivalve,f,f_3
1992,55.326516893866305,Bivalve,f,f_3
1993,55.86245548371311,Bivalve,f,f_3
1994,56.244762141660104,Bivalve,f,f_3
1995,56.14000705520223,Bivalve,f,f_3
1996,56.215613144477864,Bivalve,f,f_3
1997,56.3243786144572,Bivalve,f,f_3
1998,56.318402249021204,Bivalve,f,f_3
1999,56.56446377860737,Bivalve,f,f_3
2000,56.39792014634534,Bivalve,f,f_3
2001,56.72017346376826,Bivalve,f,f_3
2002,56.943119247802215,Bivalve,f,f_3
2003,56.86947365921626,Bivalve,f,f_3
2004,56.94432602527817,Bivalve,f,f_3
2005,56.99605426225587,Bivalve,f,f_3
2006,57.137811085489325,Bivalve,f,f_3
2007,57.213952849961416,Bivalve,f,f_3
2008,57.29443820060199,Bivalve,f,f_3
2009,57.40373407489117,Bivalve,f,f_3
2010,57.455314854734624,Bivalve,f,f_3
2011,57.42602832477953,Bivalve,f,f_3
2012,57.584591450801874,Bivalve,f,f_3
2013,57.64269739064296,Bivalve,f,f_3
2014,57.602303334685246,Bivalve,f,f_3
2015,57.76512211623034,Bivalve,f,f_3
2016,57.79054019865182,Bivalve,f,f_3
2017,57.65626839986297,Bivalve,f,f_3
2018,57.643352884108104,Bivalve,f,f_3
2019,57.531396829012756,Bivalve,f,f_3
2020,57.69991538285852,Bivalve,f,f_3
2021,57.72645507704976,Bivalve,f,f_3
2022,57.765221561306944,Bivalve,f,f_3
2023,54.99823376640538,Bivalve,f,f_3
1950,55.552881835772425,All,f,f_4
1951,55.39161728949862,All,f,f_4
1952,55.37435589281062,All,f,f_4
1953,55.315522283758426,All,f,f_4
1954,55.703525733983746,All,f,f_4
1955,55.73837845377133,All,f,f_4
1956,55.71656156771898,All,f,f_4
1957,55.748309622867986,All,f,f_4
1958,55.58910450262057,All,f,f_4
1959,55.180492772852176,All,f,f_4
1960,54.697192792703135,All,f,f_4
1961,54.650081432509836,All,f,f_4
1962,54.47465847287583,All,f,f_4
1963,54.26064404493878,All,f,f_4
1964,54.145677178140524,All,f,f_4
1965,54.27988610754783,All,f,f_4
1966,54.0943495945735,All,f,f_4
1967,54.038660740996946,All,f,f_4
1968,53.975513973441004,All,f,f_4
1969,53.94297174575241,All,f,f_4
1970,54.168183192119784,All,f,f_4
1971,53.975977435498244,All,f,f_4
1972,53.76660786053428,All,f,f_4
1973,53.90036622367398,All,f,f_4
1974,53.870865566806685,All,f,f_4
1975,53.868263862463586,All,f,f_4
1976,53.79366199895864,All,f,f_4
1977,53.56447425368074,All,f,f_4
1978,53.48927133166802,All,f,f_4
1979,53.5151447678591,All,f,f_4
1980,53.50347628215677,All,f,f_4
1981,53.70980357603512,All,f,f_4
1982,53.811860800628565,All,f,f_4
1983,53.866063927940154,All,f,f_4
1984,53.899342717370175,All,f,f_4
1985,54.00171688511514,All,f,f_4
1986,54.20017097137394,All,f,f_4
1987,54.263241153627064,All,f,f_4
1988,54.258389219874736,All,f,f_4
1989,54.00062453425379,All,f,f_4
1990,54.19028063027641,All,f,f_4
1991,53.92096363257245,All,f,f_4
1992,53.76943936225755,All,f,f_4
1993,53.821126168036784,All,f,f_4
1994,53.94922736964972,All,f,f_4
1995,53.996930421250056,All,f,f_4
1996,53.980487063726244,All,f,f_4
1997,53.95917415741179,All,f,f_4
1998,54.0075932571081,All,f,f_4
1999,53.956662860361256,All,f,f_4
2000,53.89803767464423,All,f,f_4
2001,54.042426944189806,All,f,f_4
2002,54.00251835468729,All,f,f_4
2003,53.79447906475781,All,f,f_4
2004,53.632973987449944,All,f,f_4
2005,53.55755419695164,All,f,f_4
2006,53.55486405125405,All,f,f_4
2007,53.47174164387883,All,f,f_4
2008,53.408601983627065,All,f,f_4
2009,53.414570424463555,All,f,f_4
2010,53.405768246058486,All,f,f_4
2011,53.36334296777253,All,f,f_4
2012,53.27993294349923,All,f,f_4
2013,53.33199248325618,All,f,f_4
2014,53.2422479890449,All,f,f_4
2015,53.23989747584845,All,f,f_4
2016,53.19835170869111,All,f,f_4
2017,53.067497330391575,All,f,f_4
2018,53.02471522173918,All,f,f_4
2019,52.93324901742382,All,f,f_4
2020,52.891587343852315,All,f,f_4
2021,52.839125542744625,All,f,f_4
2022,52.844577937981086,All,f,f_4
2023,52.60701399647043,All,f,f_4
1950,58.69625260097482,Finfish,f,f_4
1951,58.322321051815784,Finfish,f,f_4
1952,58.25664785629361,Finfish,f,f_4
1953,58.165947507616146,Finfish,f,f_4
1954,57.91404156112319,Finfish,f,f_4
1955,57.883496397499265,Finfish,f,f_4
1956,57.80998772729977,Finfish,f,f_4
1957,57.53982517876544,Finfish,f,f_4
1958,57.5410479301313,Finfish,f,f_4
1959,57.535408277120695,Finfish,f,f_4
1960,57.632803566704695,Finfish,f,f_4
1961,57.86345540782106,Finfish,f,f_4
1962,57.79979146160159,Finfish,f,f_4
1963,57.66813244044961,Finfish,f,f_4
1964,57.56496497309688,Finfish,f,f_4
1965,57.337017688471995,Finfish,f,f_4
1966,57.329936801303674,Finfish,f,f_4
1967,57.2586522037704,Finfish,f,f_4
1968,57.209620646257505,Finfish,f,f_4
1969,57.11465346753437,Finfish,f,f_4
1970,57.04943139986512,Finfish,f,f_4
1971,56.89255640537591,Finfish,f,f_4
1972,56.78969180170684,Finfish,f,f_4
1973,56.73536314117893,Finfish,f,f_4
1974,56.66490234397232,Finfish,f,f_4
1975,56.677616414428954,Finfish,f,f_4
1976,56.54216986225198,Finfish,f,f_4
1977,56.46991248965598,Finfish,f,f_4
1978,56.336373716402896,Finfish,f,f_4
1979,56.24121035729344,Finfish,f,f_4
1980,56.25228589660467,Finfish,f,f_4
1981,56.42345634341859,Finfish,f,f_4
1982,56.4723812632611,Finfish,f,f_4
1983,56.451955248661854,Finfish,f,f_4
1984,56.4555095030774,Finfish,f,f_4
1985,56.37752822256568,Finfish,f,f_4
1986,56.38262310380538,Finfish,f,f_4
1987,56.301693034919424,Finfish,f,f_4
1988,56.18624184038231,Finfish,f,f_4
1989,55.83812562454514,Finfish,f,f_4
1990,55.83217108960526,Finfish,f,f_4
1991,55.61851741988531,Finfish,f,f_4
1992,55.4969041622308,Finfish,f,f_4
1993,55.45964927074743,Finfish,f,f_4
1994,55.41757822676477,Finfish,f,f_4
1995,55.330025123699635,Finfish,f,f_4
1996,55.256469407730705,Finfish,f,f_4
1997,55.0944932428316,Finfish,f,f_4
1998,55.062256236455816,Finfish,f,f_4
1999,54.95322885412043,Finfish,f,f_4
2000,54.819487180467114,Finfish,f,f_4
2001,54.95208306277266,Finfish,f,f_4
2002,54.86816831273361,Finfish,f,f_4
2003,54.802453445531675,Finfish,f,f_4
2004,54.472970694943584,Finfish,f,f_4
2005,54.374156459415005,Finfish,f,f_4
2006,54.29379787738713,Finfish,f,f_4
2007,54.084918195468866,Finfish,f,f_4
2008,53.95176240173383,Finfish,f,f_4
2009,53.96245766220293,Finfish,f,f_4
2010,53.86785621098378,Finfish,f,f_4
2011,53.82761311775708,Finfish,f,f_4
2012,53.68312704047068,Finfish,f,f_4
2013,53.76920007771209,Finfish,f,f_4
2014,53.76291926208657,Finfish,f,f_4
2015,53.77590494306923,Finfish,f,f_4
2016,53.69484409926002,Finfish,f,f_4
2017,53.552830051661616,Finfish,f,f_4
2018,53.58766112970551,Finfish,f,f_4
2019,53.50394698365212,Finfish,f,f_4
2020,53.44632614323213,Finfish,f,f_4
2021,53.3816902133331,Finfish,f,f_4
2022,53.28508284662623,Finfish,f,f_4
2023,53.24184473522034,Finfish,f,f_4
1950,53.912048027698745,Algae,f,f_4
1951,54.1886534539585,Algae,f,f_4
1952,54.6452829152937,Algae,f,f_4
1953,54.50787651956089,Algae,f,f_4
1954,54.50965179835015,Algae,f,f_4
1955,54.592848868661974,Algae,f,f_4
1956,54.662775738710415,Algae,f,f_4
1957,54.57471476333005,Algae,f,f_4
1958,53.50505782834986,Algae,f,f_4
1959,52.6931020641667,Algae,f,f_4
1960,52.54129578731278,Algae,f,f_4
1961,52.81780582658843,Algae,f,f_4
1962,52.86503481016388,Algae,f,f_4
1963,52.67693157921764,Algae,f,f_4
1964,52.354198697878445,Algae,f,f_4
1965,52.47165856182728,Algae,f,f_4
1966,52.257148735941726,Algae,f,f_4
1967,52.32739737053436,Algae,f,f_4
1968,52.25235406550035,Algae,f,f_4
1969,52.187796418196434,Algae,f,f_4
1970,52.54007083990542,Algae,f,f_4
1971,52.43509074111087,Algae,f,f_4
1972,52.24718044879498,Algae,f,f_4
1973,52.44688197364059,Algae,f,f_4
1974,52.4075381573379,Algae,f,f_4
1975,52.328806205048274,Algae,f,f_4
1976,52.33213121544864,Algae,f,f_4
1977,52.21168372326353,Algae,f,f_4
1978,52.282880417056674,Algae,f,f_4
1979,52.29170939707712,Algae,f,f_4
1980,52.305844543590275,Algae,f,f_4
1981,52.28652853515136,Algae,f,f_4
1982,52.22207496480605,Algae,f,f_4
1983,52.32550993503753,Algae,f,f_4
1984,52.353579493663275,Algae,f,f_4
1985,52.29482961330542,Algae,f,f_4
1986,52.363446106331224,Algae,f,f_4
1987,52.28545288431773,Algae,f,f_4
1988,52.39322698242951,Algae,f,f_4
1989,52.31977570668346,Algae,f,f_4
1990,52.35568688824012,Algae,f,f_4
1991,52.30826744189003,Algae,f,f_4
1992,52.1982178269255,Algae,f,f_4
1993,52.19116463269417,Algae,f,f_4
1994,52.30344369614331,Algae,f,f_4
1995,52.26938078670147,Algae,f,f_4
1996,52.241995777980215,Algae,f,f_4
1997,52.23900476298017,Algae,f,f_4
1998,52.305778030116066,Algae,f,f_4
1999,52.27965076205935,Algae,f,f_4
2000,52.28128846258766,Algae,f,f_4
2001,52.34066098310672,Algae,f,f_4
2002,52.385002179727906,Algae,f,f_4
2003,52.244846557576324,Algae,f,f_4
2004,52.30750525636536,Algae,f,f_4
2005,52.30310643608066,Algae,f,f_4
2006,52.389323462119435,Algae,f,f_4
2007,52.44821149652834,Algae,f,f_4
2008,52.46741919274595,Algae,f,f_4
2009,52.50524082520366,Algae,f,f_4
2010,52.5419824561004,Algae,f,f_4
2011,52.57368127345514,Algae,f,f_4
2012,52.57598192997167,Algae,f,f_4
2013,52.59811745926263,Algae,f,f_4
2014,52.48199054490309,Algae,f,f_4
2015,52.473960299457204,Algae,f,f_4
2016,52.49556310779909,Algae,f,f_4
2017,52.48297171123913,Algae,f,f_4
2018,52.44376799387429,Algae,f,f_4
2019,52.48649677614127,Algae,f,f_4
2020,52.489625004985086,Algae,f,f_4
2021,52.493673126235564,Algae,f,f_4
2022,52.67555430278186,Algae,f,f_4
2023,52.553406795217214,Algae,f,f_4
1950,46.452476722062876,Crustacean,f,f_4
1951,46.26997822572884,Crustacean,f,f_4
1952,46.08600321631062,Crustacean,f,f_4
1953,46.208085884454995,Crustacean,f,f_4
1954,46.159499782915596,Crustacean,f,f_4
1955,46.208085884454995,Crustacean,f,f_4
1956,46.233929417976874,Crustacean,f,f_4
1957,46.071882165211406,Crustacean,f,f_4
1958,46.13533095688866,Crustacean,f,f_4
1959,45.96506074898702,Crustacean,f,f_4
1960,45.80077832487234,Crustacean,f,f_4
1961,45.57920299312599,Crustacean,f,f_4
1962,45.25237494802661,Crustacean,f,f_4
1963,44.947476576844764,Crustacean,f,f_4
1964,44.684555167372565,Crustacean,f,f_4
1965,44.617922633233476,Crustacean,f,f_4
1966,44.67565328785096,Crustacean,f,f_4
1967,44.65787610520078,Crustacean,f,f_4
1968,44.9604955553636,Crustacean,f,f_4
1969,45.69800635074277,Crustacean,f,f_4
1970,45.55140389008729,Crustacean,f,f_4
1971,45.302370149897314,Crustacean,f,f_4
1972,45.37894107804817,Crustacean,f,f_4
1973,45.47069178040676,Crustacean,f,f_4
1974,45.74627378306093,Crustacean,f,f_4
1975,45.981920420269596,Crustacean,f,f_4
1976,45.96634935692289,Crustacean,f,f_4
1977,45.726910589602994,Crustacean,f,f_4
1978,46.209183720570074,Crustacean,f,f_4
1979,45.7923797940532,Crustacean,f,f_4
1980,46.18269638646134,Crustacean,f,f_4
1981,45.91082299602532,Crustacean,f,f_4
1982,46.123261935378245,Crustacean,f,f_4
1983,46.609146182490065,Crustacean,f,f_4
1984,46.846749565085496,Crustacean,f,f_4
1985,46.69174811627961,Crustacean,f,f_4
1986,46.660159846491176,Crustacean,f,f_4
1987,47.095134928160924,Crustacean,f,f_4
1988,47.43314832253493,Crustacean,f,f_4
1989,47.39615597209848,Crustacean,f,f_4
1990,47.42402983996395,Crustacean,f,f_4
1991,47.61297522733611,Crustacean,f,f_4
1992,47.65955529781432,Crustacean,f,f_4
1993,47.53299479256637,Crustacean,f,f_4
1994,47.565531142016134,Crustacean,f,f_4
1995,47.58900770913081,Crustacean,f,f_4
1996,47.59751719825125,Crustacean,f,f_4
1997,47.69173369057174,Crustacean,f,f_4
1998,47.749762616348015,Crustacean,f,f_4
1999,47.621551395401596,Crustacean,f,f_4
2000,47.95073152649485,Crustacean,f,f_4
2001,48.075372651643434,Crustacean,f,f_4
2002,48.35455477113904,Crustacean,f,f_4
2003,48.921183173292285,Crustacean,f,f_4
2004,49.10811635712675,Crustacean,f,f_4
2005,49.23425153550969,Crustacean,f,f_4
2006,49.3444853846096,Crustacean,f,f_4
2007,49.094732283032826,Crustacean,f,f_4
2008,48.85162206694342,Crustacean,f,f_4
2009,48.70905271345761,Crustacean,f,f_4
2010,48.77885161597313,Crustacean,f,f_4
2011,48.98762822357096,Crustacean,f,f_4
2012,48.97134144903972,Crustacean,f,f_4
2013,48.8964742140918,Crustacean,f,f_4
2014,48.949669337764085,Crustacean,f,f_4
2015,48.92766249579724,Crustacean,f,f_4
2016,48.818410190331214,Crustacean,f,f_4
2017,48.693346853326666,Crustacean,f,f_4
2018,48.30469494914038,Crustacean,f,f_4
2019,48.074202203966024,Crustacean,f,f_4
2020,47.974180192295606,Crustacean,f,f_4
2021,47.947664695827754,Crustacean,f,f_4
2022,47.921616533489306,Crustacean,f,f_4
2023,47.904013629773665,Crustacean,f,f_4
1950,51.1835806207568,Bivalve,f,f_4
1951,51.159547747408254,Bivalve,f,f_4
1952,51.16786944786157,Bivalve,f,f_4
1953,51.05185819430261,Bivalve,f,f_4
1954,51.20837405093626,Bivalve,f,f_4
1955,51.21903155736407,Bivalve,f,f_4
1956,51.19224203766464,Bivalve,f,f_4
1957,51.18508664740188,Bivalve,f,f_4
1958,51.17546175850406,Bivalve,f,f_4
1959,51.264193852382256,Bivalve,f,f_4
1960,51.27722084541907,Bivalve,f,f_4
1961,51.318611497411325,Bivalve,f,f_4
1962,51.29608124838519,Bivalve,f,f_4
1963,51.27977294764815,Bivalve,f,f_4
1964,51.481857865801956,Bivalve,f,f_4
1965,51.46791310181506,Bivalve,f,f_4
1966,51.485459874431434,Bivalve,f,f_4
1967,51.53223571651625,Bivalve,f,f_4
1968,51.563274343287254,Bivalve,f,f_4
1969,51.61677202398427,Bivalve,f,f_4
1970,51.89805768534015,Bivalve,f,f_4
1971,52.05587159030069,Bivalve,f,f_4
1972,52.039902434903226,Bivalve,f,f_4
1973,52.249386998094295,Bivalve,f,f_4
1974,52.7440939271061,Bivalve,f,f_4
1975,52.617153557593824,Bivalve,f,f_4
1976,52.49178553477182,Bivalve,f,f_4
1977,52.78184081492511,Bivalve,f,f_4
1978,52.60725308474074,Bivalve,f,f_4
1979,52.41085027681568,Bivalve,f,f_4
1980,52.32001401041638,Bivalve,f,f_4
1981,52.53437628026871,Bivalve,f,f_4
1982,52.690131424871,Bivalve,f,f_4
1983,52.74282546234086,Bivalve,f,f_4
1984,52.73499715718651,Bivalve,f,f_4
1985,52.986986009699464,Bivalve,f,f_4
1986,53.373216413429994,Bivalve,f,f_4
1987,53.55079227483479,Bivalve,f,f_4
1988,53.77778257173293,Bivalve,f,f_4
1989,54.13675565039863,Bivalve,f,f_4
1990,54.39754250632779,Bivalve,f,f_4
1991,54.72124026878118,Bivalve,f,f_4
1992,55.32644452432165,Bivalve,f,f_4
1993,55.862433567964025,Bivalve,f,f_4
1994,56.24470235260264,Bivalve,f,f_4
1995,56.1400734319745,Bivalve,f,f_4
1996,56.21559367226953,Bivalve,f,f_4
1997,56.32436574641958,Bivalve,f,f_4
1998,56.31838111819312,Bivalve,f,f_4
1999,56.56444229111018,Bivalve,f,f_4
2000,56.39795649826864,Bivalve,f,f_4
2001,56.72019091505617,Bivalve,f,f_4
2002,56.943072825781385,Bivalve,f,f_4
2003,56.869532786110405,Bivalve,f,f_4
2004,56.94428362447131,Bivalve,f,f_4
2005,56.99602623368627,Bivalve,f,f_4
2006,57.137830154490956,Bivalve,f,f_4
2007,57.21394222897203,Bivalve,f,f_4
2008,57.29447154700498,Bivalve,f,f_4
2009,57.40374103287547,Bivalve,f,f_4
2010,57.45527551040602,Bivalve,f,f_4
2011,57.42600822466285,Bivalve,f,f_4
2012,57.58458814131397,Bivalve,f,f_4
2013,57.642738237591445,Bivalve,f,f_4
2014,57.60232215719584,Bivalve,f,f_4
2015,57.765166206976126,Bivalve,f,f_4
2016,57.790538719238405,Bivalve,f,f_4
2017,57.65630184044922,Bivalve,f,f_4
2018,57.6433587008458,Bivalve,f,f_4
2019,57.531434850665846,Bivalve,f,f_4
2020,57.69988682299762,Bivalve,f,f_4
2021,57.7264466383824,Bivalve,f,f_4
2022,57.76519373297059,Bivalve,f,f_4
2023,54.99825259746785,Bivalve,f,f_4
1950,49.46838729610218,All,c,c
1951,49.188256285650354,All,c,c
1952,49.24035542692022,All,c,c
1953,49.11522543611122,All,c,c
1954,49.72011916436633,All,c,c
1955,49.810474420378284,All,c,c
1956,49.9013196460094,All,c,c
1957,50.363371520365014,All,c,c
1958,50.47496441219763,All,c,c
1959,52.190763957325785,All,c,c
1960,53.412469209061406,All,c,c
1961,53.73375850911743,All,c,c
1962,53.450901749036795,All,c,c
1963,53.42376257005043,All,c,c
1964,54.24352845945735,All,c,c
1965,54.20742859370626,All,c,c
1966,54.85753813357331,All,c,c
1967,54.69547368183487,All,c,c
1968,54.304114357559556,All,c,c
1969,55.161633054601054,All,c,c
1970,54.589798303335336,All,c,c
1971,55.214417158837506,All,c,c
1972,55.403511478402386,All,c,c
1973,54.548300546524366,All,c,c
1974,54.58120315472543,All,c,c
1975,54.72512237134464,All,c,c
1976,54.50570379041011,All,c,c
1977,55.57042760789146,All,c,c
1978,56.04223507837758,All,c,c
1979,55.78576377746564,All,c,c
1980,55.553633464022795,All,c,c
1981,54.839659146937215,All,c,c
1982,54.693845860123574,All,c,c
1983,54.67960312352421,All,c,c
1984,54.84727615287383,All,c,c
1985,54.6828153232726,All,c,c
1986,53.93428961525025,All,c,c
1987,53.6293195647799,All,c,c
1988,53.7889398374526,All,c,c
1989,54.11502392521766,All,c,c
1990,53.380966563179115,All,c,c
1991,53.91265352164757,All,c,c
1992,54.509055732514646,All,c,c
1993,54.687523097317296,All,c,c
1994,54.31735776433587,All,c,c
1995,53.94767670817927,All,c,c
1996,54.15289731439528,All,c,c
1997,53.77107983071388,All,c,c
1998,53.60848233611231,All,c,c
1999,53.63155394947351,All,c,c
2000,53.25256368667736,All,c,c
2001,53.019404466111936,All,c,c
2002,52.85943335173693,All,c,c
2003,51.85119849642102,All,c,c
2004,51.16158240929147,All,c,c
2005,51.06356188685454,All,c,c
2006,50.78168168324575,All,c,c
2007,50.639359227725286,All,c,c
2008,50.54577377277553,All,c,c
2009,50.535714541954626,All,c,c
2010,50.474590965925834,All,c,c
2011,50.32518746072146,All,c,c
2012,50.401155184463306,All,c,c
2013,50.49222001280206,All,c,c
2014,50.88915465703403,All,c,c
2015,50.95076935654635,All,c,c
2016,50.82589713192065,All,c,c
2017,50.61784633534902,All,c,c
2018,50.46801467151074,All,c,c
2019,50.470731196707085,All,c,c
2020,50.27539706450454,All,c,c
2021,50.194608926043976,All,c,c
2022,49.59007136823893,All,c,c
2023,49.770556099105306,All,c,c
1950,52.97540447216971,Finfish,c,c
1951,52.55296539989795,Finfish,c,c
1952,52.40542404630244,Finfish,c,c
1953,52.28466887837528,Finfish,c,c
1954,52.30256920081732,Finfish,c,c
1955,52.21991070116627,Finfish,c,c
1956,52.217423949342404,Finfish,c,c
1957,52.03647341551985,Finfish,c,c
1958,51.73866639464792,Finfish,c,c
1959,51.83360403631082,Finfish,c,c
1960,51.938209094655505,Finfish,c,c
1961,52.03579638341263,Finfish,c,c
1962,51.905683587095254,Finfish,c,c
1963,51.90601440740453,Finfish,c,c
1964,51.82377913109915,Finfish,c,c
1965,51.74281646822612,Finfish,c,c
1966,51.71629786542722,Finfish,c,c
1967,51.73640503196915,Finfish,c,c
1968,51.51424260429004,Finfish,c,c
1969,51.477786759885035,Finfish,c,c
1970,51.38535937215934,Finfish,c,c
1971,51.24314300946194,Finfish,c,c
1972,51.29461114608999,Finfish,c,c
1973,51.29807645663555,Finfish,c,c
1974,51.183274658176096,Finfish,c,c
1975,51.29607497952595,Finfish,c,c
1976,51.11227833737032,Finfish,c,c
1977,51.03412663130088,Finfish,c,c
1978,50.838387111608455,Finfish,c,c
1979,50.674917132496226,Finfish,c,c
1980,50.61401837458336,Finfish,c,c
1981,50.647106739202954,Finfish,c,c
1982,50.696777818484726,Finfish,c,c
1983,50.679717850055525,Finfish,c,c
1984,50.99358423791958,Finfish,c,c
1985,51.09428686530248,Finfish,c,c
1986,51.28484101609481,Finfish,c,c
1987,51.37987358512577,Finfish,c,c
1988,51.266112524261935,Finfish,c,c
1989,50.97317895306963,Finfish,c,c
1990,50.97543890500185,Finfish,c,c
1991,50.683253404034225,Finfish,c,c
1992,50.75137139284397,Finfish,c,c
1993,50.769621964123225,Finfish,c,c
1994,50.82836897188649,Finfish,c,c
1995,50.81095118601027,Finfish,c,c
1996,50.776092071737345,Finfish,c,c
1997,50.64945702098929,Finfish,c,c
1998,50.68798922471927,Finfish,c,c
1999,50.616036920503085,Finfish,c,c
2000,50.54228685882265,Finfish,c,c
2001,50.776377933681,Finfish,c,c
2002,50.69501664076076,Finfish,c,c
2003,50.535503909450796,Finfish,c,c
2004,49.910064117390036,Finfish,c,c
2005,49.81467845156857,Finfish,c,c
2006,49.699640258967435,Finfish,c,c
2007,49.61023298277775,Finfish,c,c
2008,49.44849562828381,Finfish,c,c
2009,49.46684972560701,Finfish,c,c
2010,49.38823105302754,Finfish,c,c
2011,49.357260661301794,Finfish,c,c
2012,49.25924844937365,Finfish,c,c
2013,49.29138871572412,Finfish,c,c
2014,49.334802944817085,Finfish,c,c
2015,49.33818411950002,Finfish,c,c
2016,49.25729471391245,Finfish,c,c
2017,49.095684601538885,Finfish,c,c
2018,49.09144282715098,Finfish,c,c
2019,49.0477034845518,Finfish,c,c
2020,48.894249067023,Finfish,c,c
2021,48.83644803004745,Finfish,c,c
2022,48.700980916414444,Finfish,c,c
2023,48.60896840968887,Finfish,c,c
1950,56.4541073883134,Algae,c,c
1951,56.01659140426944,Algae,c,c
1952,56.11727386990273,Algae,c,c
1953,56.192119980717266,Algae,c,c
1954,56.46674521731843,Algae,c,c
1955,56.88859989391911,Algae,c,c
1956,56.945991350630635,Algae,c,c
1957,57.807110133565146,Algae,c,c
1958,60.67066042266619,Algae,c,c
1959,64.3927825618769,Algae,c,c
1960,65.12832938109143,Algae,c,c
1961,64.31678065537614,Algae,c,c
1962,64.16448063387404,Algae,c,c
1963,64.56491682468516,Algae,c,c
1964,65.68611483906841,Algae,c,c
1965,65.38026680063349,Algae,c,c
1966,65.31842280737845,Algae,c,c
1967,64.51087674593018,Algae,c,c
1968,63.89511179964536,Algae,c,c
1969,64.96356442296658,Algae,c,c
1970,63.414337482852204,Algae,c,c
1971,63.52566337183233,Algae,c,c
1972,63.873141476064646,Algae,c,c
1973,62.045139409461385,Algae,c,c
1974,61.25488599447534,Algae,c,c
1975,62.752519724640614,Algae,c,c
1976,62.15824068080708,Algae,c,c
1977,63.06408235682873,Algae,c,c
1978,63.4900667379963,Algae,c,c
1979,63.406118050273456,Algae,c,c
1980,63.0903910820312,Algae,c,c
1981,62.4853496768932,Algae,c,c
1982,62.90505401879592,Algae,c,c
1983,62.83534898290237,Algae,c,c
1984,62.843375365256534,Algae,c,c
1985,63.176035322170655,Algae,c,c
1986,62.21358476266531,Algae,c,c
1987,62.736278877061224,Algae,c,c
1988,62.8042912247948,Algae,c,c
1989,63.40150891059642,Algae,c,c
1990,63.02847140040264,Algae,c,c
1991,63.82320847066079,Algae,c,c
1992,64.20743600832523,Algae,c,c
1993,64.53938258129794,Algae,c,c
1994,64.05068641059734,Algae,c,c
1995,64.10245299830558,Algae,c,c
1996,64.59354306821596,Algae,c,c
1997,64.23715204496936,Algae,c,c
1998,64.52527601023633,Algae,c,c
1999,64.80063272878296,Algae,c,c
2000,64.68174528646044,Algae,c,c
2001,64.58695314929398,Algae,c,c
2002,64.2638618098272,Algae,c,c
2003,61.28084465923376,Algae,c,c
2004,60.2263897476835,Algae,c,c
2005,60.225564242311776,Algae,c,c
2006,60.549303865467536,Algae,c,c
2007,60.75714762362362,Algae,c,c
2008,60.79365682638126,Algae,c,c
2009,60.790610111924224,Algae,c,c
2010,60.960667193097564,Algae,c,c
2011,60.56764378806238,Algae,c,c
2012,60.28634886653438,Algae,c,c
2013,60.28489363214316,Algae,c,c
2014,60.981587759987086,Algae,c,c
2015,61.18410284332537,Algae,c,c
2016,61.25448042600601,Algae,c,c
2017,61.16308256435676,Algae,c,c
2018,61.42403406142371,Algae,c,c
2019,61.104794614787046,Algae,c,c
2020,60.90950395226853,Algae,c,c
2021,60.99841236163085,Algae,c,c
2022,59.87275548876252,Algae,c,c
2023,60.749087142893984,Algae,c,c
1950,30.72646194615955,Crustacean,c,c
1951,30.74584507162098,Crustacean,c,c
1952,30.88936974164777,Crustacean,c,c
1953,30.81937360030376,Crustacean,c,c
1954,30.86860165575449,Crustacean,c,c
1955,30.81937360030376,Crustacean,c,c
1956,32.02939470001785,Crustacean,c,c
1957,32.016617700271,Crustacean,c,c
1958,32.14409889746947,Crustacean,c,c
1959,32.053379296227604,Crustacean,c,c
1960,32.0876329427509,Crustacean,c,c
1961,32.32207991267578,Crustacean,c,c
1962,32.318984470439965,Crustacean,c,c
1963,32.472922115632976,Crustacean,c,c
1964,33.01822725581552,Crustacean,c,c
1965,33.71746760797291,Crustacean,c,c
1966,34.12495494029049,Crustacean,c,c
1967,34.906412396435016,Crustacean,c,c
1968,35.88984397896894,Crustacean,c,c
1969,36.981389334859934,Crustacean,c,c
1970,37.751386720204195,Crustacean,c,c
1971,37.656141031994,Crustacean,c,c
1972,37.24317755752198,Crustacean,c,c
1973,37.00279577025444,Crustacean,c,c
1974,36.061376803590726,Crustacean,c,c
1975,36.73644012881311,Crustacean,c,c
1976,36.74486580767614,Crustacean,c,c
1977,36.433340245569326,Crustacean,c,c
1978,36.36942057826866,Crustacean,c,c
1979,36.73101948144398,Crustacean,c,c
1980,35.55445171191673,Crustacean,c,c
1981,35.58550493587635,Crustacean,c,c
1982,34.99361428692769,Crustacean,c,c
1983,34.63413412512697,Crustacean,c,c
1984,35.161873537617126,Crustacean,c,c
1985,35.6740167150724,Crustacean,c,c
1986,35.778512319687074,Crustacean,c,c
1987,35.57547452133229,Crustacean,c,c
1988,35.44335375957424,Crustacean,c,c
1989,35.99922900984601,Crustacean,c,c
1990,36.021411612105744,Crustacean,c,c
1991,35.95281578823624,Crustacean,c,c
1992,36.01521130351714,Crustacean,c,c
1993,36.692364685068995,Crustacean,c,c
1994,36.911456949853566,Crustacean,c,c
1995,36.85668063957147,Crustacean,c,c
1996,36.98705167038399,Crustacean,c,c
1997,36.90137589480001,Crustacean,c,c
1998,36.92864330232558,Crustacean,c,c
1999,37.47682072442035,Crustacean,c,c
2000,38.17079657499303,Crustacean,c,c
2001,37.4577064188367,Crustacean,c,c
2002,36.45010258516302,Crustacean,c,c
2003,34.554786134077055,Crustacean,c,c
2004,33.89397360646864,Crustacean,c,c
2005,33.19552012683716,Crustacean,c,c
2006,32.68906814069022,Crustacean,c,c
2007,32.77221019085275,Crustacean,c,c
2008,33.24031512026773,Crustacean,c,c
2009,33.39286086350308,Crustacean,c,c
2010,32.97467258071359,Crustacean,c,c
2011,32.724031549423465,Crustacean,c,c
2012,32.71666069043867,Crustacean,c,c
2013,32.874839987007164,Crustacean,c,c
2014,32.61037100538318,Crustacean,c,c
2015,32.57651710572952,Crustacean,c,c
2016,32.44066501572419,Crustacean,c,c
2017,32.25442249594937,Crustacean,c,c
2018,32.455268961121234,Crustacean,c,c
2019,32.49695718718792,Crustacean,c,c
2020,32.45426384985104,Crustacean,c,c
2021,32.38916240151448,Crustacean,c,c
2022,32.309356206170136,Crustacean,c,c
2023,32.32076989291048,Crustacean,c,c
1950,45.02658981584946,Bivalve,c,c
1951,45.02777269671663,Bivalve,c,c
1952,44.978536150274294,Bivalve,c,c
1953,45.01326321112774,Bivalve,c,c
1954,44.98185054579642,Bivalve,c,c
1955,44.88415552423537,Bivalve,c,c
1956,44.855843812792465,Bivalve,c,c
1957,44.938164819332144,Bivalve,c,c
1958,45.00649089282923,Bivalve,c,c
1959,44.986015326861114,Bivalve,c,c
1960,44.99803458896854,Bivalve,c,c
1961,45.043525095437516,Bivalve,c,c
1962,45.024884119985636,Bivalve,c,c
1963,44.96740168988896,Bivalve,c,c
1964,45.0425908651335,Bivalve,c,c
1965,45.06981231077776,Bivalve,c,c
1966,45.04187862639089,Bivalve,c,c
1967,45.02999782544568,Bivalve,c,c
1968,45.08440691434122,Bivalve,c,c
1969,45.12208545354818,Bivalve,c,c
1970,44.974530127063304,Bivalve,c,c
1971,45.08679886157964,Bivalve,c,c
1972,45.1636816202479,Bivalve,c,c
1973,45.2058197945612,Bivalve,c,c
1974,45.3113088009473,Bivalve,c,c
1975,45.269881447703355,Bivalve,c,c
1976,45.33579728485216,Bivalve,c,c
1977,45.464105722024094,Bivalve,c,c
1978,45.456297059799894,Bivalve,c,c
1979,45.44037168537808,Bivalve,c,c
1980,45.40568687141886,Bivalve,c,c
1981,45.45139009994189,Bivalve,c,c
1982,45.51044631271307,Bivalve,c,c
1983,45.5164097043975,Bivalve,c,c
1984,45.418344571890145,Bivalve,c,c
1985,45.51940375795211,Bivalve,c,c
1986,45.59575322284921,Bivalve,c,c
1987,45.653375764358145,Bivalve,c,c
1988,45.70929770389741,Bivalve,c,c
1989,45.7967501107583,Bivalve,c,c
1990,45.96537781553614,Bivalve,c,c
1991,45.88222474705237,Bivalve,c,c
1992,45.96757597954504,Bivalve,c,c
1993,46.09144993648964,Bivalve,c,c
1994,46.17251522906118,Bivalve,c,c
1995,46.10024448696582,Bivalve,c,c
1996,46.14510331252838,Bivalve,c,c
1997,46.16941719397032,Bivalve,c,c
1998,46.16984110513369,Bivalve,c,c
1999,46.21995511188369,Bivalve,c,c
2000,46.18723459238627,Bivalve,c,c
2001,46.26054494569489,Bivalve,c,c
2002,46.27632879566425,Bivalve,c,c
2003,46.26878006510071,Bivalve,c,c
2004,46.22360252206144,Bivalve,c,c
2005,46.28004327915006,Bivalve,c,c
2006,46.295323899845975,Bivalve,c,c
2007,46.319010023691135,Bivalve,c,c
2008,46.3382504814832,Bivalve,c,c
2009,46.37474242139384,Bivalve,c,c
2010,46.377552665959705,Bivalve,c,c
2011,46.42136241745348,Bivalve,c,c
2012,46.42456842351498,Bivalve,c,c
2013,46.4277021061048,Bivalve,c,c
2014,46.410853351078075,Bivalve,c,c
2015,46.44541588425192,Bivalve,c,c
2016,46.45872610721144,Bivalve,c,c
2017,46.434517036736466,Bivalve,c,c
2018,46.436013141702944,Bivalve,c,c
2019,46.397770036348945,Bivalve,c,c
2020,46.44252682413797,Bivalve,c,c
2021,46.46313809819565,Bivalve,c,c
2022,46.477619199413475,Bivalve,c,c
2023,45.64437896484523,Bivalve,c,c
1950,52.58594857075644,All,b,b
1951,52.66509958328477,All,b,b
1952,53.18037848445654,All,b,b
1953,52.870452960917405,All,b,b
1954,52.017766809497985,All,b,b
1955,52.14037959762232,All,b,b
1956,52.279215779252034,All,b,b
1957,52.35361502083174,All,b,b
1958,52.392634793473135,All,b,b
1959,54.017540943687315,All,b,b
1960,56.01259314844131,All,b,b
1961,57.01276669478414,All,b,b
1962,57.445949231616545,All,b,b
1963,57.64694742667438,All,b,b
1964,57.85149020735376,All,b,b
1965,57.48614375422545,All,b,b
1966,58.19348435910871,All,b,b
1967,58.54454078085558,All,b,b
1968,58.56926677018548,All,b,b
1969,58.741326292684455,All,b,b
1970,58.81765323339205,All,b,b
1971,59.615030644485024,All,b,b
1972,59.81533879965122,All,b,b
1973,59.846708779341974,All,b,b
1974,60.35667168038149,All,b,b
1975,59.64508547337788,All,b,b
1976,59.86674873131455,All,b,b
1977,60.95302947613412,All,b,b
1978,61.40250621226965,All,b,b
1979,61.022052561928255,All,b,b
1980,61.14624281555084,All,b,b
1981,60.20006173355609,All,b,b
1982,59.463223446199606,All,b,b
1983,59.44601528264792,All,b,b
1984,59.371912459118384,All,b,b
1985,58.581932791510205,All,b,b
1986,57.677463874834935,All,b,b
1987,56.61162269557408,All,b,b
1988,56.821713319921855,All,b,b
1989,57.48195990262746,All,b,b
1990,56.316572078879894,All,b,b
1991,57.353221466407106,All,b,b
1992,58.165153542697446,All,b,b
1993,58.13479430961495,All,b,b
1994,57.67225996284216,All,b,b
1995,56.95154963337271,All,b,b
1996,56.82522375810221,All,b,b
1997,56.54260190316185,All,b,b
1998,56.29049535495024,All,b,b
1999,56.4027089210422,All,b,b
2000,55.90343139213176,All,b,b
2001,55.51626452297194,All,b,b
2002,55.896263991634,All,b,b
2003,56.54395387122101,All,b,b
2004,56.89070122436267,All,b,b
2005,57.03223847330141,All,b,b
2006,56.91455363325,All,b,b
2007,56.93413671055533,All,b,b
2008,56.73429991895316,All,b,b
2009,56.60057704969348,All,b,b
2010,56.65419990538772,All,b,b
2011,56.699046017201745,All,b,b
2012,56.91012205161984,All,b,b
2013,56.83790874580652,All,b,b
2014,57.21428961230296,All,b,b
2015,57.19332064548559,All,b,b
2016,57.29198958302784,All,b,b
2017,57.44487477818563,All,b,b
2018,57.16584248592774,All,b,b
2019,57.43121999962398,All,b,b
2020,57.46202915065457,All,b,b
2021,57.43837567719759,All,b,b
2022,57.342510369854025,All,b,b
2023,57.84494031196116,All,b,b
1950,44.225088280492024,Finfish,b,b
1951,44.83958600088603,Finfish,b,b
1952,45.02003044115379,Finfish,b,b
1953,45.18778260033842,Finfish,b,b
1954,45.435459302559835,Finfish,b,b
1955,45.51513279515072,Finfish,b,b
1956,45.56883165082131,Finfish,b,b
1957,45.981262550602324,Finfish,b,b
1958,46.131294814743086,Finfish,b,b
1959,46.07541524441032,Finfish,b,b
1960,45.860867750257604,Finfish,b,b
1961,45.49967733717877,Finfish,b,b
1962,45.56109376785014,Finfish,b,b
1963,45.672304757043456,Finfish,b,b
1964,45.74643259517599,Finfish,b,b
1965,46.0149849724919,Finfish,b,b
1966,46.002586633959524,Finfish,b,b
1967,45.97025939751365,Finfish,b,b
1968,46.03051064896777,Finfish,b,b
1969,46.1374537820504,Finfish,b,b
1970,46.183937349223015,Finfish,b,b
1971,46.30118401446471,Finfish,b,b
1972,46.25881044762052,Finfish,b,b
1973,46.3060344340033,Finfish,b,b
1974,46.383734752229806,Finfish,b,b
1975,46.32127542031056,Finfish,b,b
1976,46.45671176924504,Finfish,b,b
1977,46.483267815665165,Finfish,b,b
1978,46.638257565158526,Finfish,b,b
1979,46.71162677672556,Finfish,b,b
1980,46.7657195999134,Finfish,b,b
1981,46.673669471452286,Finfish,b,b
1982,46.65763935813806,Finfish,b,b
1983,46.69278765342469,Finfish,b,b
1984,46.66561781730243,Finfish,b,b
1985,46.77843689484947,Finfish,b,b
1986,46.75869315887364,Finfish,b,b
1987,46.62095551450817,Finfish,b,b
1988,46.71031352734367,Finfish,b,b
1989,47.30338934885957,Finfish,b,b
1990,47.187330220267576,Finfish,b,b
1991,47.46225742196552,Finfish,b,b
1992,47.63398522108447,Finfish,b,b
1993,47.62719733613851,Finfish,b,b
1994,47.637777805766504,Finfish,b,b
1995,47.668029823315194,Finfish,b,b
1996,47.735958050022255,Finfish,b,b
1997,47.794479949185735,Finfish,b,b
1998,47.783423437037385,Finfish,b,b
1999,47.80982209493525,Finfish,b,b
2000,47.82566441490623,Finfish,b,b
2001,47.45333178666114,Finfish,b,b
2002,47.60562938360315,Finfish,b,b
2003,47.68755677827829,Finfish,b,b
2004,48.13438038840483,Finfish,b,b
2005,48.232932905977215,Finfish,b,b
2006,48.31274822303594,Finfish,b,b
2007,48.60367688141224,Finfish,b,b
2008,48.78571872716932,Finfish,b,b
2009,48.74497231712416,Finfish,b,b
2010,48.868842765751936,Finfish,b,b
2011,48.82881015825089,Finfish,b,b
2012,48.90416753819625,Finfish,b,b
2013,48.82158000958572,Finfish,b,b
2014,48.77888418204709,Finfish,b,b
2015,48.81291910148778,Finfish,b,b
2016,48.95263546730317,Finfish,b,b
2017,49.01310200265782,Finfish,b,b
2018,48.97255891992607,Finfish,b,b
2019,48.975611913859154,Finfish,b,b
2020,48.97462787277704,Finfish,b,b
2021,48.971165547414714,Finfish,b,b
2022,49.100857178798236,Finfish,b,b
2023,49.152153638537186,Finfish,b,b
1950,73.386023691903,Algae,b,b
1951,73.54683820242748,Algae,b,b
1952,73.69016490440875,Algae,b,b
1953,73.62793376412134,Algae,b,b
1954,73.58843849395663,Algae,b,b
1955,73.55472535664273,Algae,b,b
1956,73.5708322202876,Algae,b,b
1957,73.41113021611748,Algae,b,b
1958,72.6125051284323,Algae,b,b
1959,71.77283846239007,Algae,b,b
1960,71.61023698960743,Algae,b,b
1961,71.82784680570391,Algae,b,b
1962,71.86715010412375,Algae,b,b
1963,71.74277850001799,Algae,b,b
1964,71.4623292921791,Algae,b,b
1965,71.5486863659992,Algae,b,b
1966,71.48640342250832,Algae,b,b
1967,71.63391106543376,Algae,b,b
1968,71.70317196148028,Algae,b,b
1969,71.51761161499869,Algae,b,b
1970,71.87365952093248,Algae,b,b
1971,71.81896430338185,Algae,b,b
1972,71.70291210571985,Algae,b,b
1973,72.05018033364227,Algae,b,b
1974,72.15388591482272,Algae,b,b
1975,71.8969552798801,Algae,b,b
1976,71.98895054387374,Algae,b,b
1977,71.80963827063367,Algae,b,b
1978,71.76835954787335,Algae,b,b
1979,71.78390723165182,Algae,b,b
1980,71.8350086859511,Algae,b,b
1981,71.92350141040289,Algae,b,b
1982,71.8351018957811,Algae,b,b
1983,71.88141258329775,Algae,b,b
1984,71.88812370621271,Algae,b,b
1985,71.81873828478703,Algae,b,b
1986,71.9921733040091,Algae,b,b
1987,71.87935822034788,Algae,b,b
1988,71.90378122878634,Algae,b,b
1989,71.78045901213727,Algae,b,b
1990,71.83774397301246,Algae,b,b
1991,71.68090001446862,Algae,b,b
1992,71.60075564300551,Algae,b,b
1993,71.55505478094699,Algae,b,b
1994,71.66243833696957,Algae,b,b
1995,71.64225285008882,Algae,b,b
1996,71.53885078398623,Algae,b,b
1997,71.59892365549479,Algae,b,b
1998,71.57804562736105,Algae,b,b
1999,71.5402592228375,Algae,b,b
2000,71.53932280060891,Algae,b,b
2001,71.53839983951013,Algae,b,b
2002,71.5910035020183,Algae,b,b
2003,71.95848599502338,Algae,b,b
2004,72.1058147881221,Algae,b,b
2005,72.09073652964568,Algae,b,b
2006,72.05812042375321,Algae,b,b
2007,72.00895739364152,Algae,b,b
2008,71.98337873187693,Algae,b,b
2009,71.98429873281842,Algae,b,b
2010,71.94614191881233,Algae,b,b
2011,71.97355572307494,Algae,b,b
2012,71.97529269159462,Algae,b,b
2013,71.93186588651642,Algae,b,b
2014,71.82081692297228,Algae,b,b
2015,71.78741503424904,Algae,b,b
2016,71.75809518539673,Algae,b,b
2017,71.80399521866491,Algae,b,b
2018,71.81812229301315,Algae,b,b
2019,71.8120530589987,Algae,b,b
2020,71.8234301203097,Algae,b,b
2021,71.76787234185413,Algae,b,b
2022,71.87121158724422,Algae,b,b
2023,71.7706147490062,Algae,b,b
1950,34.609967553247884,Crustacean,b,b
1951,34.64254017416238,Crustacean,b,b
1952,34.88372804027624,Crustacean,b,b
1953,34.766102129944485,Crustacean,b,b
1954,34.84882804490308,Crustacean,b,b
1955,34.766102129944485,Crustacean,b,b
1956,35.23263608973419,Crustacean,b,b
1957,35.23031858475234,Crustacean,b,b
1958,35.445345634214576,Crustacean,b,b
1959,35.487008791208005,Crustacean,b,b
1960,35.65741924246011,Crustacean,b,b
1961,36.0080657322154,Crustacean,b,b
1962,36.295858586307155,Crustacean,b,b
1963,36.63073698151714,Crustacean,b,b
1964,37.16842123908579,Crustacean,b,b
1965,37.75067387935161,Crustacean,b,b
1966,37.88550648332232,Crustacean,b,b
1967,38.33199688188668,Crustacean,b,b
1968,38.567994615439694,Crustacean,b,b
1969,38.2752909738931,Crustacean,b,b
1970,39.329631541101605,Crustacean,b,b
1971,39.57182638831347,Crustacean,b,b
1972,40.36789938519198,Crustacean,b,b
1973,41.67969534187566,Crustacean,b,b
1974,41.70073663694822,Crustacean,b,b
1975,42.14599757622113,Crustacean,b,b
1976,42.106052073228334,Crustacean,b,b
1977,43.52307893959615,Crustacean,b,b
1978,43.049782669627284,Crustacean,b,b
1979,42.825296268348055,Crustacean,b,b
1980,45.10989853367704,Crustacean,b,b
1981,45.29616144673564,Crustacean,b,b
1982,46.29307125860622,Crustacean,b,b
1983,46.40176727915053,Crustacean,b,b
1984,45.05446673079939,Crustacean,b,b
1985,44.0583384529179,Crustacean,b,b
1986,43.9826128236426,Crustacean,b,b
1987,43.94175784694859,Crustacean,b,b
1988,43.66948273737271,Crustacean,b,b
1989,42.76442784734179,Crustacean,b,b
1990,42.83101111144893,Crustacean,b,b
1991,42.83230083344727,Crustacean,b,b
1992,42.3925402361857,Crustacean,b,b
1993,41.45595573253319,Crustacean,b,b
1994,41.53116804955383,Crustacean,b,b
1995,42.0691364472842,Crustacean,b,b
1996,43.03638061778768,Crustacean,b,b
1997,44.35816001106284,Crustacean,b,b
1998,44.80681981013643,Crustacean,b,b
1999,44.91706687479989,Crustacean,b,b
2000,45.244022496306535,Crustacean,b,b
2001,46.50117248721004,Crustacean,b,b
2002,48.01911464565327,Crustacean,b,b
2003,48.961556142612054,Crustacean,b,b
2004,49.92882569845508,Crustacean,b,b
2005,50.71664130038153,Crustacean,b,b
2006,51.48565443650901,Crustacean,b,b
2007,51.71679077482489,Crustacean,b,b
2008,51.092175425957116,Crustacean,b,b
2009,51.0121943459713,Crustacean,b,b
2010,51.71092711078292,Crustacean,b,b
2011,51.718427275115005,Crustacean,b,b
2012,51.80364535781908,Crustacean,b,b
2013,51.62387427524982,Crustacean,b,b
2014,51.842820882416284,Crustacean,b,b
2015,51.848440356922616,Crustacean,b,b
2016,51.97068100766541,Crustacean,b,b
2017,52.06947886226527,Crustacean,b,b
2018,51.81897925859264,Crustacean,b,b
2019,51.88358330023418,Crustacean,b,b
2020,51.90753769914939,Crustacean,b,b
2021,51.992137138969106,Crustacean,b,b
2022,52.05352916321764,Crustacean,b,b
2023,52.08139925149021,Crustacean,b,b
1950,57.788345953987765,Bivalve,b,b
1951,57.76983017806661,Bivalve,b,b
1952,57.76814195821249,Bivalve,b,b
1953,57.813948206870926,Bivalve,b,b
1954,57.74231913033489,Bivalve,b,b
1955,57.729082181254284,Bivalve,b,b
1956,57.80330084870923,Bivalve,b,b
1957,57.837710204486086,Bivalve,b,b
1958,57.793884015663714,Bivalve,b,b
1959,57.76461884724669,Bivalve,b,b
1960,57.81504333523783,Bivalve,b,b
1961,57.727150803583086,Bivalve,b,b
1962,57.784757904203204,Bivalve,b,b
1963,57.873206168643705,Bivalve,b,b
1964,57.89193971990053,Bivalve,b,b
1965,57.925876480459095,Bivalve,b,b
1966,58.05719104238304,Bivalve,b,b
1967,58.11581679604683,Bivalve,b,b
1968,58.0707361878963,Bivalve,b,b
1969,58.179600778144554,Bivalve,b,b
1970,58.2343417800963,Bivalve,b,b
1971,58.300952358095145,Bivalve,b,b
1972,58.210309375642524,Bivalve,b,b
1973,58.20966342670316,Bivalve,b,b
1974,58.23044871634862,Bivalve,b,b
1975,58.05120513603835,Bivalve,b,b
1976,58.36312289654485,Bivalve,b,b
1977,58.56503576577623,Bivalve,b,b
1978,58.65188295772583,Bivalve,b,b
1979,58.94193311876004,Bivalve,b,b
1980,59.09962620801183,Bivalve,b,b
1981,58.84305441453438,Bivalve,b,b
1982,58.81890784101377,Bivalve,b,b
1983,58.94522944346705,Bivalve,b,b
1984,59.23742378878974,Bivalve,b,b
1985,59.2309241201974,Bivalve,b,b
1986,59.26703910301018,Bivalve,b,b
1987,59.32198597166358,Bivalve,b,b
1988,59.3812556920803,Bivalve,b,b
1989,59.469714482286676,Bivalve,b,b
1990,59.58483757559571,Bivalve,b,b
1991,59.898301062822206,Bivalve,b,b
1992,60.05388702036885,Bivalve,b,b
1993,60.18482248367805,Bivalve,b,b
1994,60.50299465877521,Bivalve,b,b
1995,60.67760784360868,Bivalve,b,b
1996,60.711030852467104,Bivalve,b,b
1997,60.68669515863426,Bivalve,b,b
1998,60.9381414403128,Bivalve,b,b
1999,61.081936257970625,Bivalve,b,b
2000,61.34473808040083,Bivalve,b,b
2001,61.395712652965024,Bivalve,b,b
2002,61.41780198248807,Bivalve,b,b
2003,61.40731731362844,Bivalve,b,b
2004,61.435390690466676,Bivalve,b,b
2005,61.57788264095217,Bivalve,b,b
2006,61.5750534538629,Bivalve,b,b
2007,61.615434890711086,Bivalve,b,b
2008,61.874242096981234,Bivalve,b,b
2009,61.663130517676734,Bivalve,b,b
2010,61.75941169274794,Bivalve,b,b
2011,62.056289681613215,Bivalve,b,b
2012,61.841202265664705,Bivalve,b,b
2013,61.86609725025283,Bivalve,b,b
2014,61.89675620787043,Bivalve,b,b
2015,61.82103777165303,Bivalve,b,b
2016,61.984510647226266,Bivalve,b,b
2017,62.15596163529742,Bivalve,b,b
2018,62.14229033467919,Bivalve,b,b
2019,62.20254449790273,Bivalve,b,b
2020,62.216243795483166,Bivalve,b,b
2021,62.18727427935917,Bivalve,b,b
2022,62.140996253938646,Bivalve,b,b
2023,67.37425220799906,Bivalve,b,b
